{
    "DNDConfig": null,
    "__parentReadjusting__": false,
    "_height_": {
        "type": "string",
        "value": "290dp"
    },
    "_left_": {
        "type": "string",
        "value": "16dp"
    },
    "_margin_": [
        0,
        0,
        0,
        0
    ],
    "_orientation_": 6,
    "_padding_": [
        0,
        0,
        0,
        0
    ],
    "_percent_": true,
    "_skin_": "sc2cb0bc7c9c4133849a2028d09a75a2",
    "_top_": {
        "type": "string",
        "value": "40dp"
    },
    "_width_": {
        "type": "string",
        "value": "290dp"
    },
    "allboxes": [],
    "autogrowmode": 0,
    "canUpdateUI": true,
    "centerx": {
        "type": "string",
        "value": "100%"
    },
    "centery": {
        "type": "string",
        "value": "100%"
    },
    "children": [
        "imgABO",
        "CopyLabel0fcf13fc0192541",
        "lblABONumber"
    ],
    "clipbounds": true,
    "containerweight": 100,
    "enablescrolling": true,
    "id": "CopyflxBucketProspect0bc4c4a78143f42",
    "info": null,
    "isvisible": true,
    "kuid": "j9c734bda2294b9cb10ac3fa4e50708c",
    "layouttype": 2,
    "name": "kony.ui.FlexContainer",
    "parent": "flxBuckets",
    "pf": "frmTemp",
    "snapgridsize": 10,
    "snaptogrid": true,
    "wType": "FlexContainer",
    "widgetalignment": 1,
    "zindex": 1
}