{
    "DNDConfig": null,
    "__parentReadjusting__": false,
    "_height_": {
        "type": "string",
        "value": "280dp"
    },
    "_left_": {
        "type": "string",
        "value": "16dp"
    },
    "_margin_": [
        0,
        0,
        0,
        0
    ],
    "_orientation_": 6,
    "_padding_": [
        0,
        0,
        0,
        0
    ],
    "_percent_": true,
    "_skin_": "sc2cb0bc7c9c4133849a2028d09a75a2",
    "_top_": {
        "type": "string",
        "value": "40dp"
    },
    "_width_": {
        "type": "string",
        "value": "280dp"
    },
    "allboxes": [],
    "autogrowmode": 0,
    "canUpdateUI": true,
    "centerx": {
        "type": "string",
        "value": "100%"
    },
    "centery": {
        "type": "string",
        "value": "1%"
    },
    "children": [
        "imgCustomer",
        "CopyLabel0b7eb7a6af8b444",
        "lblCustomerNumber"
    ],
    "clipbounds": true,
    "containerweight": 100,
    "enablescrolling": true,
    "id": "CopyflxBucketProspect0f5102205494548",
    "info": null,
    "isvisible": true,
    "kuid": "add79bf8a6344f21a8b2f5b4bd49e27b",
    "layouttype": 2,
    "name": "kony.ui.FlexContainer",
    "parent": "flxBuckets",
    "pf": "frmTemp",
    "snapgridsize": 10,
    "snaptogrid": true,
    "wType": "FlexContainer",
    "widgetalignment": 1,
    "zindex": 1
}