{
    "DNDConfig": null,
    "__parentReadjusting__": false,
    "_height_": {
        "type": "string",
        "value": "125dp"
    },
    "_left_": {
        "type": "string",
        "value": "110dp"
    },
    "_margin_": [
        0,
        0,
        0,
        0
    ],
    "_orientation_": 6,
    "_padding_": [
        0,
        0,
        0,
        0
    ],
    "_percent_": true,
    "_skin_": "s15c994cf5564e58a058543b17011c51",
    "_top_": {
        "type": "string",
        "value": "230dp"
    },
    "_width_": {
        "type": "string",
        "value": "125dp"
    },
    "allboxes": [],
    "autogrowmode": 0,
    "canUpdateUI": true,
    "children": [
        "Label0cff5775dbf1e4a"
    ],
    "clipbounds": true,
    "containerweight": 100,
    "enablescrolling": true,
    "id": "flexAnim",
    "info": null,
    "isvisible": true,
    "kuid": "a6cca006d81d47a393b69a5b981688af",
    "layouttype": 2,
    "name": "kony.ui.FlexContainer",
    "parent": "flxBuckets",
    "pf": "frmTemp",
    "snapgridsize": 10,
    "snaptogrid": true,
    "wType": "FlexContainer",
    "widgetalignment": 1,
    "zindex": 200
}