{
    "DNDConfig": null,
    "__parentReadjusting__": false,
    "_height_": {
        "type": "string",
        "value": "280dp"
    },
    "_left_": {
        "type": "string",
        "value": "16dp"
    },
    "_margin_": [
        0,
        0,
        0,
        0
    ],
    "_orientation_": 6,
    "_padding_": [
        0,
        0,
        0,
        0
    ],
    "_percent_": true,
    "_skin_": "sc2cb0bc7c9c4133849a2028d09a75a2",
    "_top_": {
        "type": "string",
        "value": "40dp"
    },
    "_width_": {
        "type": "string",
        "value": "280dp"
    },
    "allboxes": [],
    "autogrowmode": 0,
    "canUpdateUI": true,
    "centerx": {
        "type": "string",
        "value": "0%"
    },
    "centery": {
        "type": "string",
        "value": "0%"
    },
    "children": [
        "ImgProspect",
        "Label0h9f6137078bb41",
        "lblProspectNumber"
    ],
    "clipbounds": true,
    "containerweight": 100,
    "disabledSkins": {
        "focusSkin": "sa8aa55dd2964db1bdd601201fc59627"
    },
    "enablescrolling": true,
    "id": "flxBucketProspect",
    "info": null,
    "isvisible": true,
    "kuid": "c8d37436cb90434d9fcb4fb67a56634d",
    "layouttype": 2,
    "name": "kony.ui.FlexContainer",
    "parent": "flxBuckets",
    "pf": "frmTemp",
    "snapgridsize": 10,
    "snaptogrid": true,
    "wType": "FlexContainer",
    "widgetalignment": 1,
    "zindex": 1
}