{
    "@class": "com.kony.gen.viz.model.component.KVizImage2",
    "DNDConfig": null,
    "__markedForDelete__": true,
    "__parentReadjusting__": false,
    "_base64_": null,
    "_height_": {
        "type": "string",
        "value": "73dp"
    },
    "_left_": {
        "type": "string",
        "value": "25%"
    },
    "_margin_": [
        0,
        0,
        0,
        0
    ],
    "_padding_": [
        0,
        0,
        0,
        0
    ],
    "_right_": {
        "type": "string",
        "value": "10%"
    },
    "_skin_": "s5adbda4958e492b910de7009b894ba8",
    "_src_": "pshape.png",
    "_top_": {
        "type": "string",
        "value": "19%"
    },
    "_width_": {
        "type": "string",
        "value": "20%"
    },
    "canUpdateUI": true,
    "containerweight": 100,
    "context": {
        "channel": "mobile",
        "formID": "frmTemp",
        "platform": "android",
        "templateType": "forms",
        "topLevelBox": null
    },
    "id": "imgABO",
    "imagescalemode": 1,
    "info": null,
    "invokedProperty": "src",
    "isvisible": true,
    "kuid": "ed9d4399154343ceb68de8e61a30b6c5",
    "name": "kony.ui.Image2",
    "parent": "CopyflxBucketProspect0bc4c4a78143f42",
    "pf": "frmTemp",
    "srcType": 1,
    "wType": "Image",
    "widgetalignment": 5,
    "zindex": 2
}