{
    "@class": "com.kony.gen.viz.model.component.KVizImage2",
    "DNDConfig": null,
    "__markedForDelete__": true,
    "__parentReadjusting__": false,
    "_base64_": null,
    "_height_": {
        "type": "string",
        "value": "73dp"
    },
    "_margin_": [
        0,
        0,
        0,
        0
    ],
    "_padding_": [
        0,
        0,
        0,
        0
    ],
    "_right_": {
        "type": "string",
        "value": "26.04%"
    },
    "_skin_": "s5adbda4958e492b910de7009b894ba8",
    "_src_": "pshape.png",
    "_top_": {
        "type": "string",
        "value": "12dp"
    },
    "_width_": {
        "type": "string",
        "value": "20%"
    },
    "canUpdateUI": true,
    "centery": {
        "type": "string",
        "value": "64.29%"
    },
    "containerweight": 100,
    "context": {
        "channel": "mobile",
        "formID": "frmTemp",
        "platform": "android",
        "templateType": "forms",
        "topLevelBox": null
    },
    "id": "ImgProspect",
    "imagescalemode": 1,
    "info": null,
    "invokedProperty": "src",
    "isvisible": true,
    "kuid": "ba8cda2b069a432a9a61c65860bf6861",
    "name": "kony.ui.Image2",
    "parent": "flxBucketProspect",
    "pf": "frmTemp",
    "srcType": 1,
    "wType": "Image",
    "widgetalignment": 5,
    "zindex": 2
}