{
    "@class": "com.kony.gen.viz.model.component.KVizLabel",
    "DNDConfig": null,
    "__parentReadjusting__": false,
    "_height_": {
        "type": "string",
        "value": "100%"
    },
    "_left_": {
        "type": "string",
        "value": "1%"
    },
    "_margin_": [
        1,
        1,
        1,
        1
    ],
    "_padding_": [
        0,
        0,
        0,
        0
    ],
    "_skin_": "sd173df382f54c5e9fd8130178e08a9c",
    "_text_": "Drag to any group or move sideways to add to a custom group ",
    "_top_": {
        "type": "string",
        "value": "22dp"
    },
    "_width_": {
        "type": "string",
        "value": "98%"
    },
    "_wrapping_": 2,
    "android": {
        "textStyle": {
            "letterSpacing": 0,
            "strikeThrough": false
        }
    },
    "canUpdateUI": true,
    "centery": {
        "type": "string",
        "value": "50%"
    },
    "containerweight": 100,
    "contentalignment": 5,
    "id": "Label0cff5775dbf1e4a",
    "info": null,
    "ipad": {
        "psp": {
            "wrapping": 2
        }
    },
    "iphone": {
        "psp": {
            "wrapping": 2
        }
    },
    "isvisible": true,
    "kuid": "h9b751445de648ddba4836badbf29c25",
    "name": "kony.ui.Label",
    "parent": "flexAnim",
    "pf": "frmTemp",
    "tooltip": "",
    "wType": "Label",
    "zindex": 1
}