{
    "DNDConfig": null,
    "__parentReadjusting__": false,
    "_height_": {
        "type": "string",
        "value": "12%"
    },
    "_left_": {
        "type": "string",
        "value": "0.00%"
    },
    "_margin_": [
        0,
        0,
        0,
        0
    ],
    "_orientation_": 6,
    "_padding_": [
        0,
        0,
        0,
        0
    ],
    "_percent_": true,
    "_skin_": "sd796c9224de4b2a83ff857682f739a3",
    "_top_": {
        "type": "string",
        "value": "0.02%"
    },
    "_width_": {
        "type": "string",
        "value": "100%"
    },
    "allboxes": [],
    "autogrowmode": 0,
    "canUpdateUI": true,
    "children": [
        "imgLogo",
        "Image0hed6bdf347444d"
    ],
    "clipbounds": true,
    "containerweight": 100,
    "enablescrolling": true,
    "id": "flxHeader",
    "info": null,
    "isvisible": true,
    "kuid": "j7616139637f4cbfbab76eebfaadcd3a",
    "layouttype": 2,
    "name": "kony.ui.FlexContainer",
    "parent": "logo",
    "pf": "userwidgetmodel",
    "snapgridsize": 10,
    "snaptogrid": true,
    "wType": "FlexContainer",
    "widgetalignment": 1,
    "zindex": 3
}