{
    "@class": "com.kony.gen.viz.model.component.KVizImage2",
    "DNDConfig": null,
    "__parentReadjusting__": false,
    "_base64_": null,
    "_height_": {
        "type": "string",
        "value": "40dp"
    },
    "_left_": {
        "type": "string",
        "value": "294dp"
    },
    "_margin_": [
        0,
        0,
        0,
        0
    ],
    "_padding_": [
        0,
        0,
        0,
        0
    ],
    "_skin_": "s5adbda4958e492b910de7009b894ba8",
    "_src_": "tune.png",
    "_top_": {
        "type": "string",
        "value": "15dp"
    },
    "_width_": {
        "type": "string",
        "value": "70dp"
    },
    "canUpdateUI": true,
    "containerweight": 100,
    "context": {
        "channel": "mobile",
        "formID": "uwua7f2becf2bf47998334188b4d433ef6",
        "platform": "iphone",
        "templateType": "userwidgets",
        "topLevelBox": null
    },
    "id": "Image0hed6bdf347444d",
    "imagescalemode": 1,
    "info": null,
    "invokedProperty": "src",
    "isvisible": false,
    "kuid": "jf82076e9492481f909d79e54b57568a",
    "name": "kony.ui.Image2",
    "parent": "flxHeader",
    "pf": "userwidgetmodel",
    "srcType": 1,
    "wType": "Image",
    "widgetalignment": 5,
    "zindex": 1
}