{
    "@class": "com.kony.gen.viz.model.component.KVizImage2",
    "DNDConfig": null,
    "__parentReadjusting__": false,
    "_base64_": null,
    "_height_": {
        "type": "string",
        "value": "65dp"
    },
    "_left_": {
        "type": "string",
        "value": "105dp"
    },
    "_margin_": [
        0,
        0,
        0,
        0
    ],
    "_padding_": [
        0,
        0,
        0,
        0
    ],
    "_skin_": "s680c881c85e4b9e8bac7f8b172b4d04",
    "_src_": "logo.png",
    "_top_": {
        "type": "string",
        "value": "13dp"
    },
    "_width_": {
        "type": "string",
        "value": "150dp"
    },
    "canUpdateUI": true,
    "centerx": {
        "type": "string",
        "value": "50%"
    },
    "centery": {
        "type": "string",
        "value": "50%"
    },
    "containerweight": 100,
    "context": {
        "channel": "mobile",
        "formID": "uwua7f2becf2bf47998334188b4d433ef6",
        "platform": "iphone",
        "templateType": "userwidgets",
        "topLevelBox": null
    },
    "id": "imgLogo",
    "imagescalemode": 1,
    "info": null,
    "invokedProperty": "src",
    "isvisible": true,
    "kuid": "g937e23a3dfd4f9bb05efd8308a93a22",
    "name": "kony.ui.Image2",
    "parent": "flxHeader",
    "pf": "userwidgetmodel",
    "srcType": 1,
    "wType": "Image",
    "widgetalignment": 5,
    "zindex": 1
}