{
    "@class": "com.kony.gen.viz.model.container.KVizForm",
    "DNDConfig": null,
    "_margin_": [
        0,
        0,
        0,
        0
    ],
    "_orientation_": 1,
    "_padding_": [
        0,
        0,
        0,
        0
    ],
    "_percent_": true,
    "_skin_": "sff6121c3738461c832e3d599f70bdb5",
    "_title_": null,
    "addWidgetsdone": false,
    "allboxes": [],
    "canUpdateUI": true,
    "children": [
        "logo"
    ],
    "containerweight": 100,
    "currentLocale": "default",
    "device": "iPhone6",
    "displayorientation": 3,
    "enabledforidletimeout": false,
    "id": "userwidgetmodel",
    "info": null,
    "initdone": false,
    "inputaccessoryviewtype": 4,
    "intransitionconfig": {
        "formTransition": "None"
    },
    "isvisible": true,
    "kuid": "ua7f2becf2bf47998334188b4d433ef6",
    "layouttype": 2,
    "masterType": 0,
    "name": "kony.ui.Form2",
    "needappmenu": true,
    "outtransitionconfig": {
        "formTransition": "None"
    },
    "paddinginpixel": false,
    "platform": "iphone",
    "prevDevice": "iPhone6",
    "prevPlatform": "iphone",
    "retainscrollposition": false,
    "shellCSS": "iOS_iPhone6",
    "titleBarSkin": "sc93f13c29054dd1b3d44dfb33e0ec0d",
    "titlebar": true,
    "type": 3,
    "wType": "Form"
}