{
    "@class": "com.kony.gen.viz.model.component.KVizButton",
    "DNDConfig": null,
    "_margin_": [
        2,
        6,
        2,
        6
    ],
    "_padding_": [
        4,
        4,
        4,
        4
    ],
    "_skin_": "s8ba68fc908f4c5f8ad6cb75034c4148",
    "_text_": "No",
    "canUpdateUI": true,
    "containerweight": 50,
    "contentalignment": 5,
    "displaytext": true,
    "donotUpdateContainerWeight": false,
    "focusskin": "s17645b4d9d546029302b9a465ac5aec",
    "id": "btnNo",
    "info": null,
    "isvisible": true,
    "kuid": "bb78348571664500a4c9b9036ef4ce24",
    "margininpixel": false,
    "name": "kony.ui.Button",
    "parent": "CopyHBox0aee0dc07aba44e",
    "pf": "popConfirmDelete",
    "wType": "Button"
}