{
    "@class": "com.kony.gen.viz.model.component.KVizButton",
    "DNDConfig": null,
    "_margin_": [
        2,
        6,
        2,
        6
    ],
    "_padding_": [
        2,
        4,
        2,
        4
    ],
    "_skin_": "s28f023ba18b4956bac6c5aeafe0f14b",
    "_text_": "Yes",
    "canUpdateUI": true,
    "containerweight": 50,
    "contentalignment": 5,
    "displaytext": true,
    "focusskin": "sa054868a7934f768f2fe84397ad80d1",
    "id": "btnYes",
    "info": null,
    "isvisible": true,
    "kuid": "d7eed595ac26463c825add45b386dd0e",
    "margininpixel": false,
    "name": "kony.ui.Button",
    "paddinginpixel": false,
    "parent": "CopyHBox0aee0dc07aba44e",
    "pf": "popConfirmDelete",
    "wType": "Button"
}