{
    "@class": "com.kony.gen.viz.model.container.KVizHBox",
    "DNDConfig": null,
    "_margin_": [
        0,
        0,
        0,
        0
    ],
    "_orientation_": 1,
    "_padding_": [
        0,
        0,
        0,
        0
    ],
    "_percent_": true,
    "_position_": 3,
    "_skin_": "s89767bfca5a4a468189d13fdfb88c73",
    "allboxes": [],
    "canUpdateUI": true,
    "children": [
        "btnYes",
        "btnNo"
    ],
    "containerweight": 100,
    "contextmenu": null,
    "id": "CopyHBox0aee0dc07aba44e",
    "info": null,
    "isvisible": true,
    "kuid": "ebc3c2ab100a4128816890508441fb00",
    "layouttype": 0,
    "name": "kony.ui.Box",
    "parent": "VBox0g599357521a84c",
    "pf": "popConfirmDelete",
    "wType": "HBox",
    "widgetalignment": 1
}