{
    "@class": "com.kony.gen.viz.model.container.KVizHBox",
    "DNDConfig": null,
    "_margin_": [
        0,
        0,
        0,
        0
    ],
    "_orientation_": 1,
    "_padding_": [
        0,
        0,
        0,
        0
    ],
    "_percent_": true,
    "_position_": 3,
    "_skin_": "s89767bfca5a4a468189d13fdfb88c73",
    "allboxes": [],
    "canUpdateUI": true,
    "children": [
        "VBox0g599357521a84c"
    ],
    "containerweight": 100,
    "contextmenu": null,
    "id": "HBox0bd93bd6900d646",
    "info": null,
    "isvisible": true,
    "kuid": "f80b3ef1f7dc43a38149fbae094f589d",
    "layouttype": 0,
    "name": "kony.ui.Box",
    "parent": "popConfirmDelete",
    "pf": "popConfirmDelete",
    "wType": "HBox",
    "widgetalignment": 1
}