{
    "@class": "com.kony.gen.viz.model.component.KVizLabel",
    "DNDConfig": null,
    "_margin_": [
        1,
        1,
        1,
        1
    ],
    "_padding_": [
        0,
        5,
        0,
        5
    ],
    "_skin_": "s13a11451ee643d4bb506b5f7fd125a4",
    "_text_": "Info!!",
    "_wrapping_": 2,
    "android": {
        "textStyle": {
            "letterSpacing": 0,
            "strikeThrough": false
        }
    },
    "canUpdateUI": true,
    "containerweight": 100,
    "contentalignment": 5,
    "id": "Label0j2d5fe6b66be47",
    "info": null,
    "ipad": {
        "psp": {
            "wrapping": 2
        }
    },
    "iphone": {
        "psp": {
            "wrapping": 2
        }
    },
    "isvisible": true,
    "kuid": "ae036d18c9c24893888ed9cb47fcb308",
    "name": "kony.ui.Label",
    "paddinginpixel": false,
    "parent": "VBox0g599357521a84c",
    "pf": "popConfirmDelete",
    "tooltip": "",
    "wType": "Label"
}