{
    "@class": "com.kony.gen.viz.model.component.KVizLabel",
    "DNDConfig": null,
    "__markedForDelete__": true,
    "_margin_": [
        2,
        1,
        2,
        1
    ],
    "_padding_": [
        0,
        5,
        0,
        5
    ],
    "_skin_": "s522d2be664b4bc1a7d4d57b2bebc034",
    "_text_": "Are you sure you want to delete the customer?",
    "_wrapping_": 2,
    "android": {
        "textStyle": {
            "letterSpacing": 0,
            "strikeThrough": false
        }
    },
    "canUpdateUI": true,
    "containerweight": 100,
    "contentalignment": 5,
    "id": "Label0b9d96edba28d4f",
    "info": null,
    "ipad": {
        "psp": {
            "wrapping": 2
        }
    },
    "iphone": {
        "psp": {
            "wrapping": 2
        }
    },
    "isvisible": true,
    "kuid": "b1bc9ad5faab4b0ebf730ef912a9747b",
    "margininpixel": false,
    "name": "kony.ui.Label",
    "paddinginpixel": false,
    "parent": "VBox0g599357521a84c",
    "pf": "popConfirmDelete",
    "tooltip": "",
    "wType": "Label"
}