{
    "@class": "com.kony.gen.viz.model.component.KVizLine",
    "DNDConfig": null,
    "_margin_": [
        0,
        0,
        0,
        0
    ],
    "_padding_": [
        0,
        0,
        0,
        0
    ],
    "_skin_": "sef5ce958db547ec8bc175db75796d24",
    "_thickness_": 1,
    "canUpdateUI": true,
    "containerWeightLocked": false,
    "containerweight": 100,
    "id": "Line0a7045b2d89d44b",
    "info": null,
    "isvisible": true,
    "kuid": "h6a72c8bef6741808c3840363450a66e",
    "name": "kony.ui.Line",
    "parent": "VBox0g599357521a84c",
    "pf": "popConfirmDelete",
    "wType": "Line"
}