{
    "@class": "com.kony.gen.viz.model.container.KVizForm",
    "DNDConfig": null,
    "_margin_": [
        0,
        0,
        0,
        0
    ],
    "_orientation_": 1,
    "_padding_": [
        0,
        0,
        0,
        0
    ],
    "_percent_": true,
    "_skin_": "sa284cf130734816a7f1252b96b80df3",
    "_title_": null,
    "addWidgetsdone": false,
    "allboxes": [],
    "android": {
        "inTransitionConfig": {
            "animation": 1
        },
        "outTransitionConfig": {
            "animation": 8
        },
        "psp": {
            "windowSoftInputMode": 1
        }
    },
    "canUpdateUI": true,
    "children": [
        "HBox0bd93bd6900d646"
    ],
    "containerweight": 80,
    "currentLocale": "default",
    "desktopweb": {
        "psp": {
            "titleBarConfig": {
                "closeIcon": "close.png",
                "maxIcon": "max.png",
                "minIcon": "min.png"
            }
        }
    },
    "device": "GalaxyS5",
    "displayorientation": 3,
    "enabledforidletimeout": false,
    "id": "popConfirmDelete",
    "ide_init": "AS_Popup_i2f6d0bd52914c8697dbc5630ef44816",
    "info": null,
    "initdone": false,
    "inputaccessoryviewtype": 4,
    "intransitionconfig": {
        "transitionDirection": "none",
        "transitionEffect": "none"
    },
    "iphone": {
        "inTransitionConfig": {
            "transitionDirection": "none",
            "transitionEffect": "none"
        },
        "outTransitionConfig": {
            "transitionDirection": "none",
            "transitionEffect": "none"
        }
    },
    "ismodal": false,
    "isvisible": true,
    "kuid": "e24226080f334b70aed84af99c6c78f2",
    "name": "kony.ui.Popup",
    "outtransitionconfig": {
        "transitionDirection": "none",
        "transitionEffect": "none"
    },
    "paddinginpixel": false,
    "platform": "android",
    "prevDevice": "iPhone6",
    "prevPlatform": "iphone",
    "retainscrollposition": false,
    "shellCSS": "and_GalaxyS5",
    "spa": {
        "inTransitionConfig": {
            "popupTransition": "none"
        },
        "outTransitionConfig": {
            "popupTransition": "none"
        }
    },
    "titlebar": true,
    "transparencybehindthepopup": 70,
    "wType": "Popup",
    "winphone8": {
        "inTransitionConfig": {
            "inTransition": "slidein"
        },
        "outTransitionConfig": {
            "outTransition": "slideout"
        }
    }
}