{
    "@class": "com.kony.gen.viz.model.container.KVizVBox",
    "DNDConfig": null,
    "_margin_": [
        0,
        0,
        0,
        0
    ],
    "_orientation_": 2,
    "_padding_": [
        0,
        0,
        0,
        0
    ],
    "_percent_": true,
    "_position_": 3,
    "_skin_": "s12f91114da947a88c1f638de0dda111",
    "allboxes": [],
    "canUpdateUI": true,
    "children": [
        "Label0j2d5fe6b66be47",
        "Line0a7045b2d89d44b",
        "Label0b9d96edba28d4f",
        "CopyHBox0aee0dc07aba44e"
    ],
    "containerweight": 100,
    "contextmenu": null,
    "id": "VBox0g599357521a84c",
    "info": null,
    "isvisible": true,
    "kuid": "c2578780bb284ec9ad5eb983b3bf9307",
    "layouttype": 0,
    "name": "kony.ui.Box",
    "paddInPixel": [
        0,
        0,
        0,
        0
    ],
    "parent": "HBox0bd93bd6900d646",
    "pf": "popConfirmDelete",
    "wType": "VBox",
    "widgetalignment": 1
}