{
    "@class": "com.kony.gen.viz.model.component.KVizImage2",
    "DNDConfig": null,
    "__parentReadjusting__": false,
    "_base64_": null,
    "_height_": {
        "type": "string",
        "value": "65dp"
    },
    "_left_": {
        "type": "string",
        "value": "105dp"
    },
    "_margin_": [
        0,
        0,
        0,
        0
    ],
    "_padding_": [
        0,
        0,
        0,
        0
    ],
    "_skin_": "s680c881c85e4b9e8bac7f8b172b4d04",
    "_src_": "amway1.png",
    "_top_": {
        "type": "string",
        "value": "15dp"
    },
    "_width_": {
        "type": "string",
        "value": "150dp"
    },
    "canUpdateUI": true,
    "containerweight": 100,
    "context": {
        "channel": "mobile",
        "formID": "uwu2562c56666a4a6b9814c7c32dba2748",
        "platform": "iphone",
        "templateType": "userwidgets",
        "topLevelBox": null
    },
    "id": "Image0b2f4739993234e",
    "imagescalemode": 1,
    "info": null,
    "isvisible": true,
    "kuid": "h41eb4bf0b674af7b0d14d8f89c8191d",
    "name": "kony.ui.Image2",
    "parent": "FlexContainer0a121ffbfff784e",
    "pf": "userwidgetmodel",
    "srcType": 1,
    "wType": "Image",
    "widgetalignment": 5,
    "zindex": 1
}