{
    "DNDConfig": null,
    "__parentReadjusting__": false,
    "_height_": {
        "type": "string",
        "value": "100%"
    },
    "_left_": {
        "type": "string",
        "value": "0dp"
    },
    "_margin_": [
        0,
        0,
        0,
        0
    ],
    "_orientation_": 6,
    "_padding_": [
        0,
        0,
        0,
        0
    ],
    "_percent_": true,
    "_skin_": "se050a4591a849f68b308cd7ffd4fd69",
    "_top_": {
        "type": "string",
        "value": "0dp"
    },
    "_width_": {
        "type": "string",
        "value": "100%"
    },
    "allboxes": [],
    "canUpdateUI": true,
    "children": [
        "FlexContainer0a121ffbfff784e"
    ],
    "clipbounds": true,
    "containerweight": 100,
    "enablescrolling": true,
    "id": "logo",
    "info": null,
    "isvisible": true,
    "kuid": "h7a126bff2f24e94bb175e001ee08df0",
    "layouttype": 2,
    "name": "kony.ui.FlexContainer",
    "parent": "userwidgetmodel",
    "pf": "userwidgetmodel",
    "snapgridsize": 10,
    "snaptogrid": true,
    "vizProps": {
        "hidewidgethierarchy": false
    },
    "wType": "FlexContainer",
    "widgetalignment": 1
}