{
    "@class": "com.kony.gen.viz.model.component.KVizButton",
    "DNDConfig": null,
    "__parentReadjusting__": false,
    "_height_": {
        "type": "string",
        "value": "50dp"
    },
    "_left_": {
        "type": "string",
        "value": "0dp"
    },
    "_margin_": [
        6,
        6,
        6,
        6
    ],
    "_padding_": [
        0,
        0,
        0,
        0
    ],
    "_skin_": "s80354ea10eb4f48b41b906d4c769ceb",
    "_text_": "Add More",
    "_top_": {
        "type": "string",
        "value": "0dp"
    },
    "_width_": {
        "type": "string",
        "value": "137dp"
    },
    "canUpdateUI": true,
    "containerweight": 100,
    "contentalignment": 5,
    "displaytext": true,
    "focusskin": "s7d587a5d85a4def8757b4f9a61a2497",
    "id": "btnAddPeople",
    "info": null,
    "isvisible": true,
    "kuid": "f2626746a8794568940b9b72b670fed3",
    "name": "kony.ui.Button",
    "parent": "FlexContainer0ed33cd570c734c",
    "pf": "frmGroupDetails",
    "wType": "Button",
    "zindex": 1
}