{
    "@class": "com.kony.gen.viz.model.component.KVizButton",
    "DNDConfig": null,
    "__parentReadjusting__": false,
    "_height_": {
        "type": "string",
        "value": "70%"
    },
    "_left_": {
        "type": "string",
        "value": "87%"
    },
    "_margin_": [
        6,
        6,
        6,
        6
    ],
    "_padding_": [
        0,
        0,
        0,
        0
    ],
    "_skin_": "sb405918a3d5479e9c1d4691dedd739e",
    "_text_": "",
    "_top_": {
        "type": "string",
        "value": "3%"
    },
    "_width_": {
        "type": "string",
        "value": "10%"
    },
    "canUpdateUI": true,
    "centery": {
        "type": "string",
        "value": "50%"
    },
    "containerweight": 100,
    "contentalignment": 5,
    "displaytext": true,
    "focusskin": "s7d587a5d85a4def8757b4f9a61a2497",
    "id": "btnProsMore",
    "info": null,
    "isvisible": false,
    "kuid": "e94e5571a5e54351865ce4f751a3bd8b",
    "name": "kony.ui.Button",
    "parent": "flxGroupTitle",
    "pf": "frmGroupDetails",
    "wType": "Button",
    "zindex": 1
}