{
    "@class": "com.kony.gen.viz.model.component.KVizButton",
    "DNDConfig": null,
    "__parentReadjusting__": false,
    "_height_": {
        "type": "string",
        "value": "99%"
    },
    "_left_": {
        "type": "string",
        "value": "50%"
    },
    "_margin_": [
        6,
        6,
        6,
        6
    ],
    "_padding_": [
        0,
        0,
        0,
        0
    ],
    "_skin_": "s5b66229a2bf4f0085dbfa30320aa272",
    "_text_": "Groups",
    "_top_": {
        "type": "string",
        "value": "0.00%"
    },
    "_width_": {
        "type": "string",
        "value": "50%"
    },
    "canUpdateUI": true,
    "containerweight": 100,
    "contentalignment": 5,
    "displaytext": true,
    "focusskin": "s7d587a5d85a4def8757b4f9a61a2497",
    "id": "CopyButton0j697f3c759984e",
    "info": null,
    "isvisible": true,
    "kuid": "a536fa1bd1bd42b3a49fd3eb417af816",
    "name": "kony.ui.Button",
    "parent": "flx",
    "pf": "frmGroupDetails",
    "wType": "Button",
    "zindex": 1
}