{
    "DNDConfig": null,
    "__parentReadjusting__": false,
    "_height_": {
        "type": "string",
        "value": "220dp"
    },
    "_left_": {
        "type": "string",
        "value": "26dp"
    },
    "_margin_": [
        0,
        0,
        0,
        0
    ],
    "_orientation_": 6,
    "_padding_": [
        0,
        0,
        0,
        0
    ],
    "_percent_": true,
    "_skin_": "sa2dbf4e28134329b9cc14875e490019",
    "_top_": {
        "type": "string",
        "value": "194dp"
    },
    "_width_": {
        "type": "string",
        "value": "100%"
    },
    "allboxes": [],
    "allowhorizontalbounce": false,
    "allowverticalbounce": true,
    "bounces": true,
    "canUpdateUI": true,
    "children": [],
    "clipbounds": true,
    "containerweight": 100,
    "decelerat": false,
    "dragg": false,
    "enablescrolling": true,
    "horizontalscrollindicator": true,
    "id": "FlexScrollContainer0iaaf625f038149",
    "info": null,
    "isvisible": true,
    "kuid": "f563476eb7fa4ae4963ad954c98c1959",
    "layouttype": 2,
    "name": "kony.ui.FlexScrollContainer",
    "pagingenabled": false,
    "parent": "flx",
    "pf": "frmGroupDetails",
    "scrolldirection": 2,
    "snapgridsize": 10,
    "snaptogrid": true,
    "track": false,
    "verticalscrollindicator": true,
    "wType": "FlexScrollContainer",
    "widgetalignment": 1,
    "zindex": 1
}