{
    "DNDConfig": null,
    "__parentReadjusting__": false,
    "_height_": {
        "type": "string",
        "value": "47dp"
    },
    "_left_": {
        "type": "string",
        "value": "225dp"
    },
    "_margin_": [
        0,
        0,
        0,
        0
    ],
    "_orientation_": 6,
    "_padding_": [
        0,
        0,
        0,
        0
    ],
    "_percent_": true,
    "_skin_": "s78db631db3b4adeb108eae31bbbe49b",
    "_top_": {
        "type": "string",
        "value": "116dp"
    },
    "_width_": {
        "type": "string",
        "value": "37.04%"
    },
    "allboxes": [],
    "autogrowmode": 0,
    "canUpdateUI": true,
    "children": [
        "btnAddPeople"
    ],
    "clipbounds": true,
    "containerweight": 100,
    "enablescrolling": true,
    "id": "FlexContainer0ed33cd570c734c",
    "info": null,
    "isvisible": false,
    "kuid": "de8735a7469e4b4496ceae02d852178b",
    "layouttype": 2,
    "name": "kony.ui.FlexContainer",
    "parent": "frmGroupDetails",
    "pf": "frmGroupDetails",
    "snapgridsize": 10,
    "snaptogrid": true,
    "wType": "FlexContainer",
    "widgetalignment": 1,
    "zindex": 1
}