{
    "DNDConfig": null,
    "__parentReadjusting__": false,
    "_height_": {
        "type": "string",
        "value": "9.67%"
    },
    "_left_": {
        "type": "string",
        "value": "0.00%"
    },
    "_margin_": [
        0,
        0,
        0,
        0
    ],
    "_orientation_": 6,
    "_padding_": [
        0,
        0,
        0,
        0
    ],
    "_percent_": true,
    "_skin_": "s78db631db3b4adeb108eae31bbbe49b",
    "_top_": {
        "type": "string",
        "value": "12%"
    },
    "_width_": {
        "type": "string",
        "value": "100%"
    },
    "allboxes": [],
    "autogrowmode": 0,
    "canUpdateUI": true,
    "children": [
        "FlexScrollContainer0iaaf625f038149",
        "Button0db5c8980cadb44",
        "Label0h7544ba940654d",
        "CopyButton0j697f3c759984e"
    ],
    "clipbounds": true,
    "containerweight": 100,
    "enablescrolling": true,
    "id": "flx",
    "info": null,
    "isvisible": false,
    "kuid": "e8643d895fe2480cbfacf2ac26beed67",
    "layouttype": 2,
    "name": "kony.ui.FlexContainer",
    "parent": "frmGroupDetails",
    "pf": "frmGroupDetails",
    "snapgridsize": 10,
    "snaptogrid": true,
    "wType": "FlexContainer",
    "widgetalignment": 1,
    "zindex": 1
}