{
    "DNDConfig": null,
    "__parentReadjusting__": false,
    "_height_": {
        "type": "string",
        "value": "7%"
    },
    "_left_": {
        "type": "string",
        "value": "0dp"
    },
    "_margin_": [
        0,
        0,
        0,
        0
    ],
    "_orientation_": 6,
    "_padding_": [
        0,
        0,
        0,
        0
    ],
    "_percent_": true,
    "_skin_": "sc351a4be3ff458c8fc451cfbbb3c44c",
    "_top_": {
        "type": "string",
        "value": "9%"
    },
    "_width_": {
        "type": "string",
        "value": "100%"
    },
    "allboxes": [],
    "autogrowmode": 0,
    "canUpdateUI": true,
    "children": [
        "lblGroupName",
        "btnProsMore"
    ],
    "clipbounds": true,
    "containerweight": 100,
    "enablescrolling": true,
    "id": "flxGroupTitle",
    "info": null,
    "isvisible": true,
    "kuid": "aa6c1ec49eb44146a61d34c47f27aa4e",
    "layouttype": 2,
    "name": "kony.ui.FlexContainer",
    "parent": "frmGroupDetails",
    "pf": "frmGroupDetails",
    "snapgridsize": 10,
    "snaptogrid": true,
    "wType": "FlexContainer",
    "widgetalignment": 1,
    "zindex": 1
}