{
    "DNDConfig": null,
    "__parentReadjusting__": false,
    "_height_": {
        "type": "string",
        "value": "3dp"
    },
    "_left_": {
        "type": "string",
        "value": "50%"
    },
    "_margin_": [
        0,
        0,
        0,
        0
    ],
    "_orientation_": 6,
    "_padding_": [
        0,
        0,
        0,
        0
    ],
    "_percent_": true,
    "_skin_": "s6f93cb290524e23ab7da6abf74c7f20",
    "_top_": {
        "type": "string",
        "value": "21.57%"
    },
    "_width_": {
        "type": "string",
        "value": "50%"
    },
    "allboxes": [],
    "autogrowmode": 0,
    "canUpdateUI": true,
    "children": [],
    "clipbounds": true,
    "containerweight": 100,
    "enablescrolling": true,
    "id": "flxHighlight2",
    "info": null,
    "isvisible": false,
    "kuid": "b47e03ae0c6c4d3b86a9aad67d21efb6",
    "layouttype": 2,
    "name": "kony.ui.FlexContainer",
    "parent": "frmGroupDetails",
    "pf": "frmGroupDetails",
    "snapgridsize": 10,
    "snaptogrid": true,
    "wType": "FlexContainer",
    "widgetalignment": 1,
    "zindex": 1
}