{
    "@class": "com.kony.gen.viz.model.container.KVizScrollFlexForm",
    "DNDConfig": null,
    "_margin_": [
        0,
        0,
        0,
        0
    ],
    "_orientation_": 1,
    "_padding_": [
        0,
        0,
        0,
        0
    ],
    "_percent_": true,
    "_skin_": "s0d9c4f62f914e8f82e5f18644a7299e",
    "_title_": null,
    "addWidgetsdone": false,
    "allboxes": [],
    "android": {
        "psp": {
            "windowSoftInputMode": 2
        }
    },
    "canUpdateUI": true,
    "children": [
        "logo",
        "flx",
        "flxHighlight1",
        "flxHighlight2",
        "flxGroupTitle",
        "FlexContainer0ed33cd570c734c",
        "flxContactList"
    ],
    "containerweight": 100,
    "currentLocale": "default",
    "desktopweb": {
        "needAppMenu": false
    },
    "device": "GalaxyS5",
    "displayorientation": 1,
    "enabledforidletimeout": false,
    "id": "frmGroupDetails",
    "ide_init": "AS_Form_d15de87c8c6f42cbb4bed10f9c9e0d35",
    "info": null,
    "initdone": false,
    "inputaccessoryviewtype": 4,
    "ipad": {
        "psp": {
            "inputAccessoryViewType": 4
        }
    },
    "iphone": {
        "psp": {
            "inputAccessoryViewType": 4,
            "titleBarConfig": {
                "buttonClosureLeftSideView": "",
                "buttonClosureRightSideView": "",
                "buttonText": "Edit",
                "leftButtonText": "Back",
                "leftTitle": "Back",
                "prevFormTitle": false,
                "renderTitleText": true,
                "rightTitle": "Edit",
                "titleBarLeftSideView": "button",
                "titleBarRightSideView": "button",
                "titleClosureLeftSideView": "",
                "titleClosureRightSideView": "",
                "visible": true
            }
        },
        "titleBar": true
    },
    "isvisible": true,
    "kuid": "af4a0ccec26c444bbc3d8db377bcbeb2",
    "layouttype": 2,
    "name": "kony.ui.Form2",
    "needappmenu": true,
    "paddinginpixel": false,
    "platform": "android",
    "prevDevice": "iPhone6",
    "prevPlatform": "iphone",
    "retainscrollposition": false,
    "shellCSS": "and_GalaxyS5",
    "snapgridsize": 10,
    "snaptogrid": true,
    "titleBarSkin": "sc93f13c29054dd1b3d44dfb33e0ec0d",
    "titlebar": true,
    "type": 3,
    "wType": "Form"
}