{
    "@class": "com.kony.gen.viz.model.component.KVizUserWidget",
    "DNDConfig": null,
    "__parentReadjusting__": false,
    "_children_": [],
    "_height_": {
        "type": "string",
        "value": "9%"
    },
    "_left_": {
        "type": "string",
        "value": "0dp"
    },
    "_margin_": [
        0,
        0,
        0,
        0
    ],
    "_orientation_": 1,
    "_padding_": [
        0,
        0,
        0,
        0
    ],
    "_percent_": true,
    "_render_": true,
    "_skin_": "sd20cb51ec1544dd8890064aba2fd9cb",
    "_top_": {
        "type": "string",
        "value": "0dp"
    },
    "_width_": "100%",
    "areflexpropsreferenced": false,
    "autogrowmode": 0,
    "canUpdateUI": true,
    "clipbounds": true,
    "containerweight": 0,
    "dataDiffs": {
        "Image0hed6bdf347444d": {
            "__events__": {},
            "__info__": {
                "kuid": "c327af17373c41f7ad4ca7e631c776a6",
                "srcKUID": "jf82076e9492481f909d79e54b57568a",
                "wType": "Image"
            },
            "left": {
                "type": "string",
                "value": "289dp"
            },
            "top": {
                "type": "string",
                "value": "7dp"
            }
        },
        "flxHeader": {
            "__events__": {},
            "__info__": {
                "kuid": "cab2e04a4d19457d9105ccf94792e389",
                "srcKUID": "j7616139637f4cbfbab76eebfaadcd3a",
                "wType": "FlexContainer"
            },
            "autogrowMode": 0,
            "height": {
                "type": "string",
                "value": "100%"
            }
        },
        "imgLogo": {
            "__events__": {},
            "__info__": {
                "kuid": "c19d0458f3424db6938fa6217eb2672c",
                "srcKUID": "g937e23a3dfd4f9bb05efd8308a93a22",
                "wType": "Image"
            }
        },
        "logo": {
            "__events__": {},
            "__info__": {
                "isRoot": true,
                "kuid": "db7c28137c0249c7b5cf267f874cd0eb",
                "srcKUID": "if18dc50222b4278b01838634c3ea6fc",
                "wType": "FlexContainer"
            },
            "autogrowMode": 0,
            "height": {
                "type": "string",
                "value": "9%"
            },
            "left": {
                "type": "string",
                "value": "0dp"
            },
            "top": {
                "type": "string",
                "value": "0dp"
            }
        }
    },
    "id": "logo",
    "info": null,
    "isdatareferenced": false,
    "isvisible": true,
    "kuid": "db7c28137c0249c7b5cf267f874cd0eb",
    "layouttype": 2,
    "masterType": 0,
    "name": "kony.ui.UserWidgetInstance",
    "parent": "frmGroupDetails",
    "pf": "frmGroupDetails",
    "snaptogrid": true,
    "sourceUserWidget": "if18dc50222b4278b01838634c3ea6fc",
    "wType": "UserWidgetInstance"
}