{
    "DNDConfig": null,
    "__parentReadjusting__": false,
    "_height_": {
        "type": "string",
        "value": "100%"
    },
    "_left_": {
        "type": "string",
        "value": "0dp"
    },
    "_margin_": [
        0,
        0,
        0,
        0
    ],
    "_orientation_": 6,
    "_padding_": [
        0,
        0,
        0,
        0
    ],
    "_percent_": true,
    "_skin_": "s46d7db055f14ea8956fdae56bf6ff1d",
    "_top_": {
        "type": "string",
        "value": "0dp"
    },
    "_width_": {
        "type": "string",
        "value": "25%"
    },
    "allboxes": [],
    "autogrowmode": 0,
    "canUpdateUI": true,
    "children": [
        "ImgProspect",
        "lblNum1",
        "lblGrpName1"
    ],
    "clipbounds": true,
    "containerweight": 100,
    "enablescrolling": true,
    "focusskin": "sc46c73f35ac48b7ba61c6e843960748",
    "id": "flxGroup1",
    "info": null,
    "isvisible": false,
    "kuid": "f0bd30ec48694ceaa9e1fb5d3ed21a39",
    "layouttype": 2,
    "name": "kony.ui.FlexContainer",
    "parent": "flxParent",
    "pf": "frmStart",
    "snapgridsize": 10,
    "snaptogrid": true,
    "wType": "FlexContainer",
    "widgetalignment": 1,
    "zindex": 1
}