{
    "@class": "com.kony.gen.viz.model.component.KVizImage2",
    "DNDConfig": null,
    "__markedForDelete__": true,
    "__parentReadjusting__": false,
    "_base64_": null,
    "_height_": {
        "type": "string",
        "value": "55%"
    },
    "_left_": {
        "type": "string",
        "value": "20%"
    },
    "_margin_": [
        0,
        0,
        0,
        0
    ],
    "_padding_": [
        0,
        0,
        0,
        0
    ],
    "_right_": {
        "type": "string",
        "value": "26%"
    },
    "_skin_": "s5adbda4958e492b910de7009b894ba8",
    "_src_": "pshape.png",
    "_top_": {
        "type": "string",
        "value": "5%"
    },
    "_width_": {
        "type": "string",
        "value": "70%"
    },
    "canUpdateUI": true,
    "centerx": {
        "type": "string",
        "value": "50%"
    },
    "containerweight": 100,
    "context": {
        "channel": "mobile",
        "formID": "frmStart",
        "platform": "android",
        "templateType": "forms",
        "topLevelBox": null
    },
    "id": "ImgProspect",
    "imagescalemode": 1,
    "info": null,
    "invokedProperty": "src",
    "isvisible": true,
    "kuid": "fa2a6c99d1ae486b818da3408b79d09f",
    "name": "kony.ui.Image2",
    "parent": "flxGroup1",
    "pf": "frmStart",
    "srcType": 1,
    "wType": "Image",
    "widgetalignment": 5,
    "zindex": 5
}