{
    "@class": "com.kony.gen.viz.model.component.KVizLabel",
    "DNDConfig": null,
    "__parentReadjusting__": false,
    "_bottom_": {
        "type": "string",
        "value": "0%"
    },
    "_height_": {
        "type": "string",
        "value": "4%"
    },
    "_left_": {
        "type": "string",
        "value": "0%"
    },
    "_margin_": [
        1,
        1,
        1,
        1
    ],
    "_padding_": [
        0,
        0,
        0,
        0
    ],
    "_skin_": "s7eb7753c64541b9a7181d3019c74ff5",
    "_text_": "Note: Press the custom group to add the contact",
    "_width_": {
        "type": "string",
        "value": "98%"
    },
    "_wrapping_": 2,
    "android": {
        "textStyle": {
            "letterSpacing": 0,
            "strikeThrough": false
        }
    },
    "canUpdateUI": true,
    "containerweight": 100,
    "contentalignment": 5,
    "id": "lblNote",
    "info": null,
    "ipad": {
        "psp": {
            "wrapping": 2
        }
    },
    "iphone": {
        "psp": {
            "wrapping": 2
        }
    },
    "isvisible": true,
    "kuid": "f325d009140a4fe49ab2bd47f2e0a2e0",
    "name": "kony.ui.Label",
    "parent": "frmStart",
    "pf": "frmStart",
    "tooltip": "",
    "wType": "Label",
    "zindex": 1
}