{
    "@class": "com.kony.gen.viz.model.component.KVizLabel",
    "DNDConfig": null,
    "__markedForDelete__": true,
    "__parentReadjusting__": false,
    "_height_": {
        "type": "ref",
        "value": "preferred"
    },
    "_left_": {
        "type": "string",
        "value": "39dp"
    },
    "_margin_": [
        1,
        1,
        1,
        1
    ],
    "_padding_": [
        0,
        0,
        0,
        0
    ],
    "_skin_": "s0e0ba2382af48dc8db0b552cdd156b4",
    "_text_": "75",
    "_top_": {
        "type": "string",
        "value": "24dp"
    },
    "_width_": {
        "type": "ref",
        "value": "preferred"
    },
    "_wrapping_": 2,
    "android": {
        "textStyle": {
            "letterSpacing": 0,
            "strikeThrough": false
        }
    },
    "canUpdateUI": true,
    "centerx": {
        "type": "string",
        "value": "50%"
    },
    "centery": {
        "type": "string",
        "value": "40%"
    },
    "containerweight": 100,
    "contentalignment": 4,
    "id": "lblNum2",
    "info": null,
    "ipad": {
        "psp": {
            "wrapping": 2
        }
    },
    "iphone": {
        "psp": {
            "wrapping": 2
        }
    },
    "isvisible": true,
    "kuid": "fa802f96580c4fdb95e11777e34c16e5",
    "name": "kony.ui.Label",
    "parent": "flxGroup2",
    "pf": "frmStart",
    "tooltip": "",
    "wType": "Label",
    "zindex": 5
}