{
    "@class": "com.kony.gen.viz.model.component.KVizButton",
    "DNDConfig": null,
    "_margin_": [
        2,
        6,
        2,
        6
    ],
    "_padding_": [
        2,
        4,
        2,
        4
    ],
    "_skin_": "s28f023ba18b4956bac6c5aeafe0f14b",
    "_text_": "Yes",
    "canUpdateUI": true,
    "containerweight": 100,
    "contentalignment": 5,
    "displaytext": true,
    "focusskin": "sa054868a7934f768f2fe84397ad80d1",
    "id": "btnYes",
    "info": null,
    "isvisible": true,
    "kuid": "i8e985d7955f49ff8da10fae287c4928",
    "margininpixel": false,
    "name": "kony.ui.Button",
    "paddinginpixel": false,
    "parent": "VBox0f984a250796c4c",
    "pf": "popNoCustomGroups",
    "wType": "Button"
}