{
    "@class": "com.kony.gen.viz.model.container.KVizHBox",
    "DNDConfig": null,
    "_margin_": [
        0,
        0,
        0,
        0
    ],
    "_orientation_": 1,
    "_padding_": [
        0,
        0,
        0,
        0
    ],
    "_percent_": true,
    "_position_": 3,
    "_skin_": "s89767bfca5a4a468189d13fdfb88c73",
    "allboxes": [],
    "canUpdateUI": true,
    "children": [
        "VBox0f984a250796c4c"
    ],
    "containerweight": 100,
    "contextmenu": null,
    "id": "HBox0jc5efcfa74bd4c",
    "info": null,
    "isvisible": true,
    "kuid": "af724a04dc854100994f733ec19be4df",
    "layouttype": 0,
    "name": "kony.ui.Box",
    "parent": "popNoCustomGroups",
    "pf": "popNoCustomGroups",
    "wType": "HBox",
    "widgetalignment": 1
}