{
    "@class": "com.kony.gen.viz.model.component.KVizLabel",
    "DNDConfig": null,
    "_margin_": [
        1,
        1,
        1,
        1
    ],
    "_padding_": [
        0,
        6,
        0,
        6
    ],
    "_skin_": "s522d2be664b4bc1a7d4d57b2bebc034",
    "_text_": "Sorry it seems you dont have any custom groups",
    "_wrapping_": 2,
    "android": {
        "textStyle": {
            "letterSpacing": 0,
            "strikeThrough": false
        }
    },
    "canUpdateUI": true,
    "containerweight": 100,
    "contentalignment": 5,
    "id": "Label0a7f56e5a41ba45",
    "info": null,
    "ipad": {
        "psp": {
            "wrapping": 2
        }
    },
    "iphone": {
        "psp": {
            "wrapping": 2
        }
    },
    "isvisible": true,
    "kuid": "dd5dcfa0fecf450f81cff5cc93a82563",
    "name": "kony.ui.Label",
    "paddinginpixel": false,
    "parent": "VBox0f984a250796c4c",
    "pf": "popNoCustomGroups",
    "tooltip": "",
    "wType": "Label"
}