{
    "@class": "com.kony.gen.viz.model.container.KVizForm",
    "DNDConfig": null,
    "_margin_": [
        0,
        0,
        0,
        0
    ],
    "_orientation_": 1,
    "_padding_": [
        0,
        0,
        0,
        0
    ],
    "_percent_": true,
    "_skin_": "sa284cf130734816a7f1252b96b80df3",
    "_title_": null,
    "addWidgetsdone": false,
    "allboxes": [],
    "android": {
        "psp": {
            "windowSoftInputMode": 2
        }
    },
    "canUpdateUI": true,
    "children": [
        "HBox0jc5efcfa74bd4c"
    ],
    "containerweight": 80,
    "currentLocale": "default",
    "desktopweb": {
        "psp": {
            "titleBarConfig": {
                "closeIcon": "close.png",
                "maxIcon": "max.png",
                "minIcon": "min.png"
            }
        }
    },
    "device": "iPhone6",
    "displayorientation": 3,
    "enabledforidletimeout": false,
    "id": "popNoCustomGroups",
    "ide_init": "AS_Popup_h65dbd23ca944fd28eba00e549f021ce",
    "info": null,
    "initdone": false,
    "inputaccessoryviewtype": 4,
    "ismodal": false,
    "isvisible": true,
    "kuid": "ab54cdc7fa404615a21b1a9b74365cc8",
    "name": "kony.ui.Popup",
    "paddinginpixel": false,
    "platform": "iphone",
    "prevDevice": "iPhone6",
    "prevPlatform": "iphone",
    "retainscrollposition": false,
    "shellCSS": "iOS_iPhone6",
    "titlebar": true,
    "transparencybehindthepopup": 50,
    "wType": "Popup"
}