{
    "@class": "com.kony.gen.viz.model.container.KVizVBox",
    "DNDConfig": null,
    "_margin_": [
        0,
        0,
        0,
        0
    ],
    "_orientation_": 2,
    "_padding_": [
        0,
        0,
        0,
        0
    ],
    "_percent_": true,
    "_position_": 3,
    "_skin_": "s12f91114da947a88c1f638de0dda111",
    "allboxes": [],
    "canUpdateUI": true,
    "children": [
        "Label0a7f56e5a41ba45",
        "btnYes"
    ],
    "containerweight": 100,
    "contextmenu": null,
    "id": "VBox0f984a250796c4c",
    "ide_onClick": "AS_VBox_ed54d7112c934623b361d314ce9a4004",
    "info": null,
    "isvisible": true,
    "kuid": "cf5acb9fb76845bcb0ff3ad0379f780a",
    "layouttype": 0,
    "name": "kony.ui.Box",
    "paddInPixel": [
        0,
        0,
        0,
        0
    ],
    "parent": "HBox0jc5efcfa74bd4c",
    "pf": "popNoCustomGroups",
    "wType": "VBox",
    "widgetalignment": 1
}