{
    "@class": "com.kony.gen.viz.model.component.KVizButton",
    "DNDConfig": null,
    "__markedForDelete__": true,
    "__parentReadjusting__": false,
    "_height_": {
        "type": "string",
        "value": "9%"
    },
    "_left_": {
        "type": "string",
        "value": "70%"
    },
    "_margin_": [
        6,
        6,
        6,
        6
    ],
    "_padding_": [
        0,
        0,
        0,
        0
    ],
    "_skin_": "se6bcc071067423bb929977c31c0ada2",
    "_text_": "",
    "_top_": {
        "type": "string",
        "value": "8%"
    },
    "_width_": {
        "type": "string",
        "value": "15%"
    },
    "canUpdateUI": true,
    "containerweight": 100,
    "contentalignment": 5,
    "disabledSkins": {
        "focusSkin": "sbe21c59d2c5417da3f7ba64b6c5c706"
    },
    "displaytext": true,
    "id": "btnCall",
    "info": null,
    "isvisible": true,
    "kuid": "ca89bacf92864887b9e39900d3a9531c",
    "name": "kony.ui.Button",
    "parent": "frmEditProf",
    "pf": "frmEditProf",
    "wType": "Button",
    "zindex": 10
}