{
    "@class": "com.kony.gen.viz.model.component.KVizButton",
    "DNDConfig": null,
    "__markedForDelete__": true,
    "__parentReadjusting__": false,
    "_height_": {
        "type": "string",
        "value": "9%"
    },
    "_left_": {
        "type": "string",
        "value": "15%"
    },
    "_margin_": [
        6,
        6,
        6,
        6
    ],
    "_padding_": [
        0,
        0,
        0,
        0
    ],
    "_skin_": "s74e04ba115441c8bfd2fb9b61ee0125",
    "_text_": "",
    "_top_": {
        "type": "string",
        "value": "8%"
    },
    "_width_": {
        "type": "string",
        "value": "15%"
    },
    "canUpdateUI": true,
    "containerweight": 100,
    "contentalignment": 5,
    "disabledSkins": {
        "focusSkin": "s5ce1b607c574e9a824e384142d58e92"
    },
    "displaytext": true,
    "id": "btnMail",
    "info": null,
    "isvisible": true,
    "kuid": "dc827a81a9754f0ebaab10ee3e5cb6aa",
    "name": "kony.ui.Button",
    "parent": "frmEditProf",
    "pf": "frmEditProf",
    "wType": "Button",
    "zindex": 10
}