{
    "@class": "com.kony.gen.viz.model.component.KVizButton",
    "DNDConfig": null,
    "__parentReadjusting__": false,
    "_height_": {
        "type": "string",
        "value": "9%"
    },
    "_left_": {
        "type": "string",
        "value": "0%"
    },
    "_margin_": [
        6,
        6,
        6,
        6
    ],
    "_padding_": [
        0,
        0,
        0,
        0
    ],
    "_skin_": "sc4813d8525546b5b7fbaf44bab9f8f2",
    "_text_": "Save",
    "_top_": {
        "type": "string",
        "value": "91%"
    },
    "_width_": {
        "type": "string",
        "value": "100%"
    },
    "canUpdateUI": true,
    "containerweight": 100,
    "contentalignment": 5,
    "displaytext": true,
    "focusskin": "s1d992825c62414491d325b748b26714",
    "id": "btnSave",
    "info": null,
    "isvisible": true,
    "kuid": "a3451cc96d3c48a198ca6063e11dfbed",
    "name": "kony.ui.Button",
    "parent": "frmEditProf",
    "pf": "frmEditProf",
    "wType": "Button",
    "zindex": 10
}