{
    "DNDConfig": null,
    "__parentReadjusting__": false,
    "_height_": {
        "type": "string",
        "value": "26.56%"
    },
    "_left_": {
        "type": "string",
        "value": "0%"
    },
    "_margin_": [
        0,
        0,
        0,
        0
    ],
    "_orientation_": 6,
    "_padding_": [
        0,
        0,
        0,
        0
    ],
    "_percent_": true,
    "_skin_": "s233f40ebfa0486b98e1aa326d8894dc",
    "_top_": {
        "type": "string",
        "value": "45%"
    },
    "_width_": {
        "type": "string",
        "value": "100%"
    },
    "allboxes": [],
    "autogrowmode": 0,
    "canUpdateUI": true,
    "children": [
        "lblAdress",
        "txtAreAddress"
    ],
    "clipbounds": true,
    "containerweight": 100,
    "enablescrolling": true,
    "id": "flxAddress",
    "info": null,
    "isvisible": false,
    "kuid": "j6d4b437917741798aae7b93f08acbd7",
    "layouttype": 4,
    "name": "kony.ui.FlexContainer",
    "parent": "frmEditProf",
    "pf": "frmEditProf",
    "snapgridsize": 10,
    "snaptogrid": true,
    "wType": "FlexContainer",
    "widgetalignment": 1,
    "zindex": 10
}