{
    "DNDConfig": null,
    "__parentReadjusting__": false,
    "_height_": {
        "type": "string",
        "value": "10%"
    },
    "_left_": {
        "type": "string",
        "value": "0%"
    },
    "_margin_": [
        0,
        0,
        0,
        0
    ],
    "_orientation_": 6,
    "_padding_": [
        0,
        0,
        0,
        0
    ],
    "_percent_": true,
    "_skin_": "s4c447e73702450ca27d3df7b761f997",
    "_top_": {
        "type": "string",
        "value": "72%"
    },
    "_width_": {
        "type": "string",
        "value": "100%"
    },
    "allboxes": [],
    "autogrowmode": 0,
    "canUpdateUI": true,
    "children": [
        "hotnessSlider",
        "lblCold",
        "lblHot"
    ],
    "clipbounds": true,
    "containerweight": 100,
    "enablescrolling": true,
    "id": "flxHeat",
    "info": null,
    "isvisible": false,
    "kuid": "d108b528a6494b4bab3e4c4603aebbc9",
    "layouttype": 2,
    "name": "kony.ui.FlexContainer",
    "parent": "frmEditProf",
    "pf": "frmEditProf",
    "snapgridsize": 10,
    "snaptogrid": true,
    "wType": "FlexContainer",
    "widgetalignment": 1,
    "zindex": 10
}