{
    "DNDConfig": null,
    "__parentReadjusting__": false,
    "_height_": {
        "type": "string",
        "value": "10.03%"
    },
    "_left_": {
        "type": "string",
        "value": "0dp"
    },
    "_margin_": [
        0,
        0,
        0,
        0
    ],
    "_orientation_": 6,
    "_padding_": [
        0,
        0,
        0,
        0
    ],
    "_percent_": true,
    "_skin_": "sdf31522ca664b3f923750b6533992d5",
    "_top_": {
        "type": "string",
        "value": "18%"
    },
    "_width_": {
        "type": "string",
        "value": "100%"
    },
    "allboxes": [],
    "autogrowmode": 0,
    "canUpdateUI": true,
    "children": [
        "lblName",
        "tbxName",
        "lblLine1"
    ],
    "clipbounds": true,
    "containerweight": 100,
    "enablescrolling": true,
    "id": "flxName",
    "info": null,
    "isvisible": true,
    "kuid": "e4b1ece4292347fb8ea57ac4e05a7c65",
    "layouttype": 4,
    "name": "kony.ui.FlexContainer",
    "parent": "frmEditProf",
    "pf": "frmEditProf",
    "snapgridsize": 10,
    "snaptogrid": true,
    "wType": "FlexContainer",
    "widgetalignment": 1,
    "zindex": 10
}