{
    "DNDConfig": null,
    "__parentReadjusting__": false,
    "_height_": {
        "type": "string",
        "value": "10.03%"
    },
    "_left_": {
        "type": "string",
        "value": "0%"
    },
    "_margin_": [
        0,
        0,
        0,
        0
    ],
    "_orientation_": 6,
    "_padding_": [
        0,
        0,
        0,
        0
    ],
    "_percent_": true,
    "_skin_": "s233f40ebfa0486b98e1aa326d8894dc",
    "_top_": {
        "type": "string",
        "value": "28%"
    },
    "_width_": {
        "type": "string",
        "value": "100%"
    },
    "allboxes": [],
    "autogrowmode": 0,
    "canUpdateUI": true,
    "children": [
        "lblPhno",
        "tbxPhone",
        "lblLine2"
    ],
    "clipbounds": true,
    "containerweight": 100,
    "enablescrolling": true,
    "id": "flxPhNo",
    "info": null,
    "isvisible": true,
    "kuid": "f75cb7d28af2409fbf0cc939ec9a959f",
    "layouttype": 4,
    "name": "kony.ui.FlexContainer",
    "parent": "frmEditProf",
    "pf": "frmEditProf",
    "snapgridsize": 10,
    "snaptogrid": true,
    "wType": "FlexContainer",
    "widgetalignment": 1,
    "zindex": 10
}