{
    "@class": "com.kony.gen.viz.model.container.KVizScrollFlexForm",
    "DNDConfig": null,
    "_margin_": [
        0,
        0,
        0,
        0
    ],
    "_orientation_": 1,
    "_padding_": [
        0,
        0,
        0,
        0
    ],
    "_percent_": true,
    "_skin_": "s2861e376daf4918bcee68c5cdf4c364",
    "_title_": null,
    "addWidgetsdone": false,
    "allboxes": [],
    "android": {
        "psp": {
            "windowSoftInputMode": 2
        }
    },
    "canUpdateUI": true,
    "children": [
        "flxProPic",
        "flxBg",
        "btnCall",
        "btnMail",
        "flxName",
        "flxPhNo",
        "flxEmail",
        "flxAddress",
        "flxHeat",
        "btnSave"
    ],
    "containerweight": 100,
    "currentLocale": "default",
    "desktopweb": {
        "needAppMenu": false
    },
    "device": "GalaxyS5",
    "displayorientation": 1,
    "enabledforidletimeout": false,
    "id": "frmEditProf",
    "ide_init": "AS_Form_ba9afd4cb19849b0bde1211ca0dd96dd",
    "info": null,
    "initdone": false,
    "inputaccessoryviewtype": 4,
    "ipad": {
        "psp": {
            "inputAccessoryViewType": 4
        }
    },
    "iphone": {
        "psp": {
            "inputAccessoryViewType": 4,
            "titleBarConfig": {
                "buttonClosureLeftSideView": "",
                "buttonClosureRightSideView": "",
                "buttonText": "Edit",
                "leftButtonText": "Back",
                "leftTitle": "Back",
                "prevFormTitle": false,
                "renderTitleText": true,
                "rightTitle": "Edit",
                "titleBarLeftSideView": "button",
                "titleBarRightSideView": "button",
                "titleClosureLeftSideView": "",
                "titleClosureRightSideView": "",
                "visible": true
            }
        },
        "titleBar": true
    },
    "isvisible": true,
    "kuid": "jb78fde142944998ae8b729ecbb24613",
    "layouttype": 2,
    "name": "kony.ui.Form2",
    "needappmenu": true,
    "paddinginpixel": false,
    "platform": "android",
    "prevDevice": "iPhone6",
    "prevPlatform": "iphone",
    "retainscrollposition": false,
    "shellCSS": "and_GalaxyS5",
    "snapgridsize": 10,
    "snaptogrid": true,
    "titleBarSkin": "s2e33556897641d5889205bb8dcd1c48",
    "titlebar": true,
    "type": 3,
    "wType": "Form"
}