{
    "@class": "com.kony.gen.viz.model.component.KVizSlider",
    "DNDConfig": null,
    "__markedForDelete__": true,
    "__parentReadjusting__": false,
    "_height_": {
        "type": "string",
        "value": "20%"
    },
    "_left_": {
        "type": "string",
        "value": "13%"
    },
    "_margin_": [
        0,
        0,
        0,
        0
    ],
    "_max_": 100,
    "_min_": 0,
    "_padding_": [
        0,
        0,
        0,
        0
    ],
    "_step_": 1,
    "_thickness_": 15,
    "_top_": {
        "type": "string",
        "value": "45%"
    },
    "_width_": {
        "type": "string",
        "value": "70%"
    },
    "android": {
        "thumbImage": "slider_android.png"
    },
    "canUpdateUI": true,
    "containerweight": 100,
    "desktopweb": {
        "psp": {
            "orientation": "horizontal",
            "viewType": "default"
        }
    },
    "id": "hotnessSlider",
    "imgwt": 33,
    "info": null,
    "ipad": {
        "psp": {
            "enableThumbTintColor": true,
            "thumbTintColor": "ffffff00"
        },
        "thumbImage": "slider_ios7.png"
    },
    "iphone": {
        "psp": {
            "enableThumbTintColor": true,
            "thumbTintColor": "ffffff00"
        },
        "thumbImage": "slider_ios7.png"
    },
    "isvisible": true,
    "kuid": "e6d598f778904f1089f4a522457b52b3",
    "leftskin": "sed07a123e134a1ea212a2ea86e46146",
    "maxlabel": "",
    "minlabel": "",
    "name": "kony.ui.Slider",
    "noofsteps": 100,
    "osPlatform": "android",
    "osVersion": "iOS7",
    "parent": "flxHeat",
    "pf": "frmEditProf",
    "rightskin": "sb041f8766204b3dad7c7be8ca233507",
    "selectedvalue": 40,
    "stepwidth": 0,
    "tabrcandroid": {
        "thumbImage": "slider_android.png"
    },
    "thumbimage": "slider.png",
    "wType": "Slider",
    "widgetalignment": 5,
    "zindex": 1
}