{
    "@class": "com.kony.gen.viz.model.component.KVizImage2",
    "DNDConfig": null,
    "__parentReadjusting__": false,
    "_base64_": null,
    "_height_": {
        "type": "string",
        "value": "100%"
    },
    "_left_": {
        "type": "string",
        "value": "0dp"
    },
    "_margin_": [
        0,
        0,
        0,
        0
    ],
    "_padding_": [
        0,
        0,
        0,
        0
    ],
    "_skin_": "s7d96274c5e4417cbeb9346c7d4b9ee7",
    "_src_": "scooby.jpg",
    "_top_": {
        "type": "string",
        "value": "0dp"
    },
    "_width_": {
        "type": "string",
        "value": "100%"
    },
    "canUpdateUI": true,
    "containerweight": 100,
    "context": {
        "channel": "mobile",
        "formID": "frmEditProf",
        "platform": "android",
        "templateType": "forms",
        "topLevelBox": null
    },
    "id": "imgProPic",
    "imagescalemode": 0,
    "info": null,
    "invokedProperty": "src",
    "isvisible": false,
    "kuid": "e80c6f162cc44e54b3c6ff59fed5147e",
    "name": "kony.ui.Image2",
    "parent": "flxProPic",
    "pf": "frmEditProf",
    "srcType": 1,
    "wType": "Image",
    "widgetalignment": 5,
    "zindex": 1
}