{
    "@class": "com.kony.gen.viz.model.component.KVizLabel",
    "DNDConfig": null,
    "__markedForDelete__": true,
    "__parentReadjusting__": false,
    "_height_": {
        "type": "string",
        "value": "25%"
    },
    "_left_": {
        "type": "string",
        "value": "6%"
    },
    "_margin_": [
        1,
        1,
        1,
        1
    ],
    "_padding_": [
        0,
        0,
        0,
        0
    ],
    "_skin_": "s0ce923755554d5c913cd620d5002a6d",
    "_text_": "Adress",
    "_top_": {
        "type": "string",
        "value": "0%"
    },
    "_width_": {
        "type": "ref",
        "value": "preferred"
    },
    "_wrapping_": 2,
    "android": {
        "textStyle": {
            "letterSpacing": 0,
            "strikeThrough": false
        }
    },
    "canUpdateUI": true,
    "containerweight": 100,
    "contentalignment": 4,
    "id": "lblAdress",
    "info": null,
    "ipad": {
        "psp": {
            "wrapping": 2
        }
    },
    "iphone": {
        "psp": {
            "wrapping": 2
        }
    },
    "isvisible": true,
    "kuid": "bd3ae7ed008f402e9c615024c77739cd",
    "name": "kony.ui.Label",
    "parent": "flxAddress",
    "pf": "frmEditProf",
    "tooltip": "",
    "wType": "Label",
    "zindex": 10
}