{
    "@class": "com.kony.gen.viz.model.component.KVizTextBox2",
    "DNDConfig": null,
    "__markedForDelete__": true,
    "__parentReadjusting__": false,
    "_height_": {
        "type": "string",
        "value": "50%"
    },
    "_left_": {
        "type": "string",
        "value": "9%"
    },
    "_margin_": [
        0,
        0,
        0,
        0
    ],
    "_padding_": [
        0,
        0,
        0,
        0
    ],
    "_placeholder_": "Enter Your Phone Number",
    "_skin_": "s8374b3f0ac446d7879302139e7c9ea7",
    "_text_": "",
    "_top_": {
        "type": "string",
        "value": "0%"
    },
    "_width_": {
        "type": "string",
        "value": "260dp"
    },
    "autocapitalize": "none",
    "autocomplete": false,
    "autocorrect": false,
    "autofilter": false,
    "canUpdateUI": true,
    "containerheight": "",
    "containerheightmode": 1,
    "containerweight": 100,
    "contentalignment": 4,
    "id": "tbxPhone",
    "info": null,
    "isvisible": true,
    "keyboardstyle": "A",
    "keyboardtype": "A",
    "kuid": "b2c4cbd2f97649308d3b1625f447645e",
    "mode": "A",
    "name": "kony.ui.TextBox2",
    "paddinginpixel": false,
    "parent": "flxPhNo",
    "pf": "frmEditProf",
    "securetextentry": false,
    "textinputmode": "N",
    "viewtype": "default",
    "wType": "TextField",
    "zindex": 10
}