{
    "@class": "com.kony.gen.viz.model.component.KVizTextArea2",
    "DNDConfig": null,
    "__parentReadjusting__": false,
    "_height_": {
        "type": "ref",
        "value": "preferred"
    },
    "_left_": {
        "type": "string",
        "value": "8%"
    },
    "_margin_": [
        2,
        2,
        2,
        2
    ],
    "_padding_": [
        2,
        2,
        2,
        2
    ],
    "_placeholder_": "Address goes here",
    "_skin_": "s1ad1f9ecc5e46518465e9e83fd81760",
    "_text_": "",
    "_top_": {
        "type": "string",
        "value": "0dp"
    },
    "_width_": {
        "type": "string",
        "value": "90%"
    },
    "autocapitalize": "none",
    "autocomplete": false,
    "autocorrect": false,
    "autofilter": false,
    "canUpdateUI": true,
    "closebuttontext": "",
    "containerheight": "",
    "containerheightmode": 1,
    "containerweight": 100,
    "contentalignment": 1,
    "id": "txtAreAddress",
    "info": null,
    "isvisible": true,
    "keyboardstyle": "A",
    "keyboardtype": "A",
    "kuid": "g876f0fd7d2240bfba05ec435f12dc4c",
    "mode": "A",
    "name": "kony.ui.TextArea2",
    "numberofvisiblelines": 3,
    "parent": "flxAddress",
    "pf": "frmEditProf",
    "securetextentry": false,
    "showoprogressindicator": false,
    "showprogressindicator": false,
    "textinputmode": "A",
    "viewtype": "default",
    "wType": "TextArea",
    "zindex": 10
}