{"mwaddrkey":"","wap_android360_fontsize":"12","isA11yConfigEnabled":false,"watchos_notificationcentericon_42":"","wap_android440_fontsize":"12","apppackagekey":"","nativeContainerProperties":{"isEnableJSContainerAndroid":false,"isModified":false,"isEnableJSContaineriOS":false,"isEnableJSContainer":false},"wap_android400_fontsize":"12","wap_spaandroidtabhdpi_fontsize":"12","cordovaVersionInfo":{"useGlobalCordova":false},"appversionkey":"1.0.0","watchos_longlooknotificationicon_38":"","project.type":"js","startupformkey":"frmDyn","wap_bb480_fontsize":"12","wap_winphone480_fontsize":"12","wap_android640_fontsize":"12","vendornamekey":"KonyLabs","wap_android320_fontsize":"12","createdgaversion":"7.3.0.19","watchos_notificationcentericon_38":"","isMVC":false,"watchos_shortlooknotificationicon_42":"","enableactionbar":false,"wap_android480_fontsize":"12","mastersProperties":{"mastersVersion":"2.0.0"},"wap_winphone320_fontsize":"12","watchos_longlooknotificationicon_42":"","appmenu":{"tablet":{"data":[{"windows8":{"appBarButtonStyle":"No Style","position":"BOTTOM_LEFT"},"android":{"showAsFlag":0},"kuid":"e92a6facdc454beb8c6e0845c8ec4ebd","icon":{"default":"option1.png"},"id":"appmenuitemid1","title":"Item 1"},{"windows8":{"appBarButtonStyle":"No Style","position":"BOTTOM_LEFT"},"android":{"showAsFlag":0},"kuid":"b6365a6665584fabaa2f533d296e04fe","icon":{"default":"option2.png"},"id":"appmenuitemid2","title":"Item 2"},{"windows8":{"appBarButtonStyle":"No Style","position":"BOTTOM_LEFT"},"android":{"showAsFlag":0},"kuid":"a3ade58b1baa4e2ba87f48ef3447c245","icon":{"default":"option3.png"},"id":"appmenuitemid3","title":"Item 3"},{"windows8":{"appBarButtonStyle":"No Style","position":"BOTTOM_LEFT"},"android":{"showAsFlag":0},"kuid":"acf5e14941b5474f88d95286e1972e33","icon":{"default":"option4.png"},"id":"appmenuitemid4","title":"Item 4"}]},"desktop":{"data":[{"kuid":"e78e55d07ca8468e8df8c872ff826efc","icon":{"default":"option1.png"},"id":"appmenuitemid1","title":"Item 1"},{"kuid":"d3534d606d6041289354b568e9364882","icon":{"default":"option2.png"},"id":"appmenuitemid2","title":"Item 2"},{"kuid":"dc9d1364124945c197bbb53d6a88eb0b","icon":{"default":"option3.png"},"id":"appmenuitemid3","title":"Item 3"},{"kuid":"a07c7f2b7f844bcfb8a10ff059b04a7b","icon":{"default":"option4.png"},"id":"appmenuitemid4","title":"Item 4"}]},"focusskin":null,"osVersion":"iOS7","wType":"Appmenu","focusSkin":null,"mobile":{"data":[{"kuid":"e089b98bada944ddb42292f70202595c","android":{"showAsFlag":0},"icon":{"default":"option1.png"},"id":"appmenuitemid1","title":"Item 1"},{"kuid":"c5daf77e2c8c4b5fa87f6c30bce2f190","android":{"showAsFlag":0},"icon":{"default":"option2.png"},"id":"appmenuitemid2","title":"Item 2"},{"kuid":"e186a237bf2e45db8d093be5fe549d60","android":{"showAsFlag":0},"icon":{"default":"option3.png"},"id":"appmenuitemid3","title":"Item 3"},{"kuid":"c1ded5c1652c450886ea6ea90a378acd","android":{"showAsFlag":0},"icon":{"default":"option4.png"},"id":"appmenuitemid4","title":"Item 4"}]},"skin":null,"osPlatform":""},"wap_spaipad_fontsize":"12","mwportkey":"","mwhttpsportkey":"","wap_bb440_fontsize":"12","wap_bb400_fontsize":"12","appidkey":"AmwayCM","statusBarHidden":"false","wap_bb360_fontsize":"12","export.type":"studioviz","isNewAppWithRespectToAndroidPackageName":"","wap_spawindowstab_fontsize":"12","defaulttheme":"defaultTheme","watchos_shortlooknotificationicon_38":"","appaddrkey":"","appnamekey":"AmwayCM","currentgaversion":"7.3.0.19","wap_bb320_fontsize":"12","enableCordova":false,"wap_bb240_fontsize":"12","enableIdForAutomation":false,"desktopwebbasefontsize":"12","wap_android240_fontsize":"12","wap_spaandroidtabldpi_fontsize":"12","wap_spaandroidtabmdpi_fontsize":"12","konyVizVersion":"7.3.0.19","isDpScaleFactor":true,"wap_spaandroidtab_fontsize":"12","referenceWidth":"375","winmobileguidkey":"","APPLICATION_THEME":"default","ide_appEvents":{"mobile":{}},"build":"debug","project_version":"sprint27","wap_ip_fontsize":"12","category":"app","createdVizVersion":"7.3.0.19"}