{
    "splashScreen": {
        "mobile": {
            "iphone": {
                "splashImage": null
            },
            "android": {
                "splashVideo": "loading_screen_video.mp4",
                "animationDuration": 4
            },
            "winphone8": {},
            "winphone10": {},
            "spa": {},
            "spaip": {},
            "spaan": {},
            "spabb": {},
            "spawinphone8": {}
        },
        "tablet": {
            "ipad": {
                "landscape": {
                    "splashImage": "splashland.png"
                },
                "splashImage": "splash.png"
            },
            "android": {},
            "windows8": {},
            "spa": {},
            "spaipad": {},
            "spaandroidtablet": {},
            "spawindowstablet": {}
        },
        "desktop": {
            "desktopweb": {},
            "kiosk": {}
        }
    }
}