{
  "android": {
    "font_size": 200,
    "isForked": false
  },
  "background_color": "ed174cff",
  "bg_type": "one",
  "border_color": "424242ff",
  "border_style": "plain",
  "border_type": 0,
  "border_width": 0,
  "desktopweb": {
    "font_size": 200,
    "isForked": false
  },
  "fontSizeInPx": false,
  "font_color": "ffffffff",
  "font_name": "Helvetica",
  "font_size": 200,
  "font_style": "normal",
  "font_weight": "normal",
  "ipad": {
    "font_size": 200,
    "isForked": false
  },
  "iphone": {
    "font_size": 200,
    "isForked": false
  },
  "isDefaultSkin": false,
  "kiosk": {
    "font_size": 200,
    "isForked": false
  },
  "kuid": "se706e85190d40a98c3871d4968f0cab",
  "spaan": {
    "font_size": 200,
    "isForked": false
  },
  "spaandroidtablet": {
    "font_size": 200,
    "isForked": false
  },
  "spabb": {
    "font_size": 200,
    "isForked": false
  },
  "spaip": {
    "font_size": 200,
    "isForked": false
  },
  "spaipad": {
    "font_size": 200,
    "isForked": false
  },
  "spawindowstablet": {
    "font_size": 200,
    "isForked": false
  },
  "spawinphone8": {
    "font_size": 200,
    "isForked": false
  },
  "tabrcandroid": {
    "font_size": 200,
    "isForked": false
  },
  "wType": "Label",
  "watchos": {
    "font_size": 200,
    "isForked": false
  },
  "windows8": {
    "font_size": 200,
    "isForked": false
  },
  "winphone8": {
    "font_size": 200,
    "isForked": false
  }
}