{
  "android": {
    "applicableblockedUIWidget": "Button",
    "background_color": "00000000",
    "bg_type": "one",
    "blockedimgURL": "",
    "border_color": "000000ff",
    "border_style": "plain",
    "border_type": 0,
    "border_width": 0,
    "bottom_left_border_color": "000000ff",
    "bottom_left_border_radius": 10,
    "bottom_left_border_width": 0,
    "bottom_right_border_color": "000000ff",
    "bottom_right_border_radius": 10,
    "bottom_right_border_width": 0,
    "font_color": "000000ff",
    "font_name": "Lato Light",
    "font_size": 100,
    "font_weight": "normal",
    "isForked": false,
    "top_left_border_color": "000000ff",
    "top_left_border_radius": 10,
    "top_left_border_width": 0,
    "top_right_border_color": "000000ff",
    "top_right_border_radius": 10,
    "top_right_border_width": 0,
    "vizChannel": "android",
    "wType": "Label"
  },
  "applicableblockedUIWidget": "Button",
  "background_color": "00000000",
  "background_style": "vg",
  "bg_type": "one",
  "blockedimgURL": "",
  "border_color": "000000ff",
  "border_radius": 0,
  "border_style": "plain",
  "border_type": 0,
  "border_width": 0,
  "bottom_left_border_color": "000000ff",
  "bottom_left_border_radius": 10,
  "bottom_left_border_width": 0,
  "bottom_right_border_color": "000000ff",
  "bottom_right_border_radius": 10,
  "bottom_right_border_width": 0,
  "desktopweb": {
    "font_name": "Andale Mono"
  },
  "font_color": "000000ff",
  "font_size": 100,
  "font_weight": "normal",
  "gridLineColor": "0000000",
  "ipad": {
    "applicableblockedUIWidget": "Button",
    "background_color": "00000000",
    "background_style": "vg",
    "bg_type": "one",
    "blockedimgURL": "",
    "border_color": "000000ff",
    "border_radius": 0,
    "border_style": "plain",
    "border_type": 0,
    "border_width": 0,
    "bottom_left_border_color": "000000ff",
    "bottom_left_border_radius": 10,
    "bottom_left_border_width": 0,
    "bottom_right_border_color": "000000ff",
    "bottom_right_border_radius": 10,
    "bottom_right_border_width": 0,
    "font_color": "000000ff",
    "font_name": "AmericanTypewriter",
    "font_size": 100,
    "font_weight": "normal",
    "isForked": false,
    "top_left_border_color": "000000ff",
    "top_left_border_radius": 10,
    "top_left_border_width": 0,
    "top_right_border_color": "000000ff",
    "top_right_border_radius": 10,
    "top_right_border_width": 0,
    "vizChannel": "ipad",
    "wType": "Label"
  },
  "iphone": {
    "applicableblockedUIWidget": "Button",
    "background_color": "00000000",
    "background_style": "vg",
    "bg_type": "one",
    "blockedimgURL": "",
    "border_color": "000000ff",
    "border_radius": 0,
    "border_style": "plain",
    "border_type": 0,
    "border_width": 0,
    "bottom_left_border_color": "000000ff",
    "bottom_left_border_radius": 10,
    "bottom_left_border_width": 0,
    "bottom_right_border_color": "000000ff",
    "bottom_right_border_radius": 10,
    "bottom_right_border_width": 0,
    "font_color": "000000ff",
    "font_name": "Lato-Light",
    "font_size": 100,
    "font_weight": "normal",
    "isForked": false,
    "top_left_border_color": "000000ff",
    "top_left_border_radius": 10,
    "top_left_border_width": 0,
    "top_right_border_color": "000000ff",
    "top_right_border_radius": 10,
    "top_right_border_width": 0,
    "vizChannel": "iphone",
    "wType": "Label"
  },
  "isForked": false,
  "kiosk": {
    "font_name": "GenericMonospace"
  },
  "kuid": "s14fb80c0c0e4dbfbb66f8d0342119e7",
  "shadow": {
    "br": 0,
    "color": "000000",
    "inner": false,
    "x": 0,
    "y": 0
  },
  "spaan": {
    "applicableblockedUIWidget": "Button",
    "background_color": "00000000",
    "background_style": "vg",
    "bg_type": "one",
    "blockedimgURL": "",
    "border_color": "000000ff",
    "border_radius": 0,
    "border_style": "plain",
    "border_type": 0,
    "border_width": 0,
    "bottom_left_border_color": "000000ff",
    "bottom_left_border_radius": 10,
    "bottom_left_border_width": 0,
    "bottom_right_border_color": "000000ff",
    "bottom_right_border_radius": 10,
    "bottom_right_border_width": 0,
    "font_color": "000000ff",
    "font_name": "Lato Light",
    "font_size": 100,
    "font_weight": "normal",
    "isForked": false,
    "top_left_border_color": "000000ff",
    "top_left_border_radius": 10,
    "top_left_border_width": 0,
    "top_right_border_color": "000000ff",
    "top_right_border_radius": 10,
    "top_right_border_width": 0,
    "vizChannel": "spaan",
    "wType": "Label"
  },
  "spaandroidtablet": {
    "font_name": "Andale Mono"
  },
  "spabb": {
    "applicableblockedUIWidget": "Button",
    "background_color": "00000000",
    "background_style": "vg",
    "bg_type": "one",
    "blockedimgURL": "",
    "border_color": "000000ff",
    "border_radius": 0,
    "border_style": "plain",
    "border_type": 0,
    "border_width": 0,
    "bottom_left_border_color": "000000ff",
    "bottom_left_border_radius": 10,
    "bottom_left_border_width": 0,
    "bottom_right_border_color": "000000ff",
    "bottom_right_border_radius": 10,
    "bottom_right_border_width": 0,
    "font_color": "000000ff",
    "font_name": "Andale Mono",
    "font_size": 100,
    "font_weight": "normal",
    "isForked": false,
    "top_left_border_color": "000000ff",
    "top_left_border_radius": 10,
    "top_left_border_width": 0,
    "top_right_border_color": "000000ff",
    "top_right_border_radius": 10,
    "top_right_border_width": 0,
    "vizChannel": "spabb",
    "wType": "Label"
  },
  "spaip": {
    "applicableblockedUIWidget": "Button",
    "background_color": "00000000",
    "background_style": "vg",
    "bg_type": "one",
    "blockedimgURL": "",
    "border_color": "000000ff",
    "border_radius": 0,
    "border_style": "plain",
    "border_type": 0,
    "border_width": 0,
    "bottom_left_border_color": "000000ff",
    "bottom_left_border_radius": 10,
    "bottom_left_border_width": 0,
    "bottom_right_border_color": "000000ff",
    "bottom_right_border_radius": 10,
    "bottom_right_border_width": 0,
    "font_color": "000000ff",
    "font_name": "Lato Light",
    "font_size": 100,
    "font_weight": "normal",
    "isForked": false,
    "top_left_border_color": "000000ff",
    "top_left_border_radius": 10,
    "top_left_border_width": 0,
    "top_right_border_color": "000000ff",
    "top_right_border_radius": 10,
    "top_right_border_width": 0,
    "vizChannel": "spaip",
    "wType": "Label"
  },
  "spaipad": {
    "font_name": "Andale Mono"
  },
  "spawindowstablet": {
    "applicableblockedUIWidget": "Button",
    "background_color": "00000000",
    "background_style": "vg",
    "bg_type": "one",
    "blockedimgURL": "",
    "border_color": "000000ff",
    "border_radius": 0,
    "border_style": "plain",
    "border_type": 0,
    "border_width": 0,
    "bottom_left_border_color": "000000ff",
    "bottom_left_border_radius": 10,
    "bottom_left_border_width": 0,
    "bottom_right_border_color": "000000ff",
    "bottom_right_border_radius": 10,
    "bottom_right_border_width": 0,
    "font_color": "000000ff",
    "font_name": "Andale Mono",
    "font_size": 100,
    "font_weight": "normal",
    "isForked": false,
    "top_left_border_color": "000000ff",
    "top_left_border_radius": 10,
    "top_left_border_width": 0,
    "top_right_border_color": "000000ff",
    "top_right_border_radius": 10,
    "top_right_border_width": 0,
    "vizChannel": "spawindowstablet",
    "wType": "Label"
  },
  "spawinphone8": {
    "font_name": "Lato Light"
  },
  "tabrcandroid": {
    "applicableblockedUIWidget": "Button",
    "background_color": "00000000",
    "bg_type": "one",
    "blockedimgURL": "",
    "border_color": "000000ff",
    "border_style": "plain",
    "border_type": 0,
    "border_width": 0,
    "bottom_left_border_color": "000000ff",
    "bottom_left_border_radius": 10,
    "bottom_left_border_width": 0,
    "bottom_right_border_color": "000000ff",
    "bottom_right_border_radius": 10,
    "bottom_right_border_width": 0,
    "font_color": "000000ff",
    "font_name": "default",
    "font_size": 100,
    "font_weight": "normal",
    "isForked": false,
    "top_left_border_color": "000000ff",
    "top_left_border_radius": 10,
    "top_left_border_width": 0,
    "top_right_border_color": "000000ff",
    "top_right_border_radius": 10,
    "top_right_border_width": 0,
    "vizChannel": "tabrcandroid",
    "wType": "Label"
  },
  "text_shadow": {
    "br": 0,
    "color": "000000",
    "x": 0,
    "y": 0
  },
  "top_left_border_color": "000000ff",
  "top_left_border_radius": 10,
  "top_left_border_width": 0,
  "top_right_border_color": "000000ff",
  "top_right_border_radius": 10,
  "top_right_border_width": 0,
  "vizChannel": "default",
  "wType": "Label",
  "watchos": {
    "font_name": "Arial"
  },
  "windows8": {
    "applicableblockedUIWidget": "Button",
    "background_color": "00000000",
    "background_style": "vg",
    "bg_type": "one",
    "blockedimgURL": "",
    "border_color": "000000ff",
    "border_radius": 0,
    "border_style": "plain",
    "border_type": 0,
    "border_width": 0,
    "bottom_left_border_color": "000000ff",
    "bottom_left_border_radius": 10,
    "bottom_left_border_width": 0,
    "bottom_right_border_color": "000000ff",
    "bottom_right_border_radius": 10,
    "bottom_right_border_width": 0,
    "font_color": "000000ff",
    "font_name": "GenericMonospace",
    "font_size": 100,
    "font_weight": "normal",
    "isForked": false,
    "top_left_border_color": "000000ff",
    "top_left_border_radius": 10,
    "top_left_border_width": 0,
    "top_right_border_color": "000000ff",
    "top_right_border_radius": 10,
    "top_right_border_width": 0,
    "vizChannel": "windows8",
    "wType": "Label"
  },
  "winphone8": {
    "applicableblockedUIWidget": "Button",
    "background_color": "00000000",
    "background_style": "vg",
    "bg_type": "one",
    "blockedimgURL": "",
    "border_color": "000000ff",
    "border_radius": 0,
    "border_style": "plain",
    "border_type": 0,
    "border_width": 0,
    "bottom_left_border_color": "000000ff",
    "bottom_left_border_radius": 10,
    "bottom_left_border_width": 0,
    "bottom_right_border_color": "000000ff",
    "bottom_right_border_radius": 10,
    "bottom_right_border_width": 0,
    "font_color": "000000ff",
    "font_name": "Lato Light",
    "font_size": 100,
    "font_weight": "normal",
    "isForked": false,
    "top_left_border_color": "000000ff",
    "top_left_border_radius": 10,
    "top_left_border_width": 0,
    "top_right_border_color": "000000ff",
    "top_right_border_radius": 10,
    "top_right_border_width": 0,
    "vizChannel": "winphone8",
    "wType": "Label"
  }
}