{
    "@class": "com.kony.gen.viz.model.component.KVizButton",
    "DNDConfig": null,
    "__parentReadjusting__": false,
    "_height_": {
        "type": "string",
        "value": "100%"
    },
    "_left_": "0%",
    "_margin_": [
        6,
        6,
        6,
        6
    ],
    "_padding_": [
        0,
        0,
        0,
        0
    ],
    "_skin_": "sfa72b162469436b872088c4c783d0b4",
    "_text_": "Contacts",
    "_top_": "0%",
    "_width_": {
        "type": "string",
        "value": "48%"
    },
    "canUpdateUI": true,
    "containerweight": 100,
    "contentalignment": 5,
    "displaytext": true,
    "focusskin": "s52742c43b5e44549ef7acac8bd316ff",
    "id": "btnContacts",
    "info": null,
    "isvisible": true,
    "kuid": "fbb7377bb329417aa456dce8447a9732",
    "name": "kony.ui.Button",
    "parent": "flx",
    "pf": "frmGroups",
    "wType": "Button",
    "zindex": 1
}