{
    "@class": "com.kony.gen.viz.model.component.KVizButton",
    "DNDConfig": null,
    "__parentReadjusting__": false,
    "_height_": {
        "type": "string",
        "value": "99%"
    },
    "_left_": {
        "type": "string",
        "value": "48.70%"
    },
    "_margin_": [
        6,
        6,
        6,
        6
    ],
    "_padding_": [
        0,
        0,
        0,
        0
    ],
    "_skin_": "s5b66229a2bf4f0085dbfa30320aa272",
    "_text_": "Groups",
    "_top_": {
        "type": "string",
        "value": "0.00%"
    },
    "_width_": {
        "type": "string",
        "value": "52%"
    },
    "canUpdateUI": true,
    "containerweight": 100,
    "contentalignment": 5,
    "displaytext": true,
    "focusskin": "s83deaef7e7c4a749fdcc34ebd3fcc1f",
    "id": "btnGroups",
    "info": null,
    "isvisible": true,
    "kuid": "g97db90754f74722b2ef33b618ee5aaf",
    "name": "kony.ui.Button",
    "parent": "flx",
    "pf": "frmGroups",
    "wType": "Button",
    "zindex": 1
}