{
    "@class": "com.kony.gen.viz.model.component.KVizButton",
    "DNDConfig": null,
    "__parentReadjusting__": false,
    "_height_": {
        "type": "string",
        "value": "100.00%"
    },
    "_left_": {
        "type": "string",
        "value": "2%"
    },
    "_margin_": [
        6,
        6,
        6,
        6
    ],
    "_padding_": [
        0,
        0,
        0,
        0
    ],
    "_skin_": "s4538e485bee4723a71d99e7a4b8c507",
    "_text_": "+",
    "_top_": {
        "type": "string",
        "value": "0dp"
    },
    "_width_": {
        "type": "string",
        "value": "10%"
    },
    "canUpdateUI": true,
    "containerweight": 100,
    "contentalignment": 5,
    "disabledSkins": {
        "focusSkin": "s7d587a5d85a4def8757b4f9a61a2497"
    },
    "displaytext": true,
    "id": "btnMore1",
    "info": null,
    "isvisible": true,
    "kuid": "f38b108c40c34a189aab23ed7bc71abd",
    "name": "kony.ui.Button",
    "parent": "flxPros",
    "pf": "frmGroups",
    "wType": "Button",
    "zindex": 1
}