{
    "@class": "com.kony.gen.viz.model.component.KVizButton",
    "DNDConfig": null,
    "__parentReadjusting__": false,
    "_height_": {
        "type": "string",
        "value": "100.00%"
    },
    "_left_": {
        "type": "string",
        "value": "2%"
    },
    "_margin_": [
        6,
        6,
        6,
        6
    ],
    "_padding_": [
        0,
        0,
        0,
        0
    ],
    "_skin_": "s4538e485bee4723a71d99e7a4b8c507",
    "_text_": "+",
    "_top_": {
        "type": "string",
        "value": "0dp"
    },
    "_width_": {
        "type": "string",
        "value": "10%"
    },
    "canUpdateUI": true,
    "containerweight": 100,
    "contentalignment": 5,
    "disabledSkins": {
        "focusSkin": "s83deaef7e7c4a749fdcc34ebd3fcc1f"
    },
    "displaytext": true,
    "id": "btnMore5",
    "info": null,
    "isvisible": true,
    "kuid": "a2b1df82e43d4fc18d3879430fc35d50",
    "name": "kony.ui.Button",
    "parent": "flxcust1",
    "pf": "frmGroups",
    "wType": "Button",
    "zindex": 1
}