{
    "@class": "com.kony.gen.viz.model.component.KVizButton",
    "DNDConfig": null,
    "__markedForDelete__": true,
    "__parentReadjusting__": false,
    "_height_": {
        "type": "string",
        "value": "100%"
    },
    "_left_": {
        "type": "string",
        "value": "2.00%"
    },
    "_margin_": [
        6,
        6,
        6,
        6
    ],
    "_padding_": [
        0,
        0,
        0,
        0
    ],
    "_skin_": "s4cb79005e18472da74e6f392c2d079c",
    "_text_": "Registered Customers",
    "_top_": {
        "type": "string",
        "value": "0%"
    },
    "_width_": {
        "type": "string",
        "value": "85%"
    },
    "canUpdateUI": true,
    "containerweight": 100,
    "contentalignment": 5,
    "disabledSkins": {
        "focusSkin": "s83deaef7e7c4a749fdcc34ebd3fcc1f"
    },
    "displaytext": true,
    "id": "btnReg",
    "info": null,
    "isvisible": true,
    "kuid": "hc4de391125d425e834c7a5436ed3e7d",
    "name": "kony.ui.Button",
    "parent": "flxreg",
    "pf": "frmGroups",
    "wType": "Button",
    "zindex": 1
}