{
    "@class": "com.kony.gen.viz.model.component.KVizButton",
    "DNDConfig": null,
    "__parentReadjusting__": false,
    "_height_": {
        "type": "string",
        "value": "50dp"
    },
    "_left_": {
        "type": "string",
        "value": "77dp"
    },
    "_margin_": [
        6,
        6,
        6,
        6
    ],
    "_padding_": [
        0,
        0,
        0,
        0
    ],
    "_skin_": "seafb49ce3534e95ae222a5231314ea9",
    "_text_": "Create",
    "_top_": {
        "type": "string",
        "value": "130dp"
    },
    "_width_": {
        "type": "string",
        "value": "136dp"
    },
    "canUpdateUI": true,
    "centerx": {
        "type": "string",
        "value": "50%"
    },
    "centery": {
        "type": "string",
        "value": "80%"
    },
    "containerweight": 100,
    "contentalignment": 5,
    "displaytext": true,
    "focusskin": "s83deaef7e7c4a749fdcc34ebd3fcc1f",
    "id": "btnSubmit",
    "info": null,
    "isvisible": true,
    "kuid": "d0a4b7d91555461a918619b1b71e8cd1",
    "name": "kony.ui.Button",
    "parent": "flxCreateGroup",
    "pf": "frmGroups",
    "wType": "Button",
    "zindex": 1
}