{
    "DNDConfig": null,
    "__markedForDelete__": true,
    "__parentReadjusting__": false,
    "_height_": {
        "type": "string",
        "value": "15%"
    },
    "_left_": {
        "type": "string",
        "value": "100%"
    },
    "_margin_": [
        0,
        0,
        0,
        0
    ],
    "_orientation_": 6,
    "_padding_": [
        0,
        0,
        0,
        0
    ],
    "_percent_": true,
    "_skin_": "s42bd2a7025942b1a02b18ec0e7d8b60",
    "_top_": {
        "type": "string",
        "value": "2%"
    },
    "_width_": {
        "type": "string",
        "value": "98%"
    },
    "allboxes": [],
    "autogrowmode": 0,
    "canUpdateUI": true,
    "children": [
        "btnAbo",
        "btnMore4"
    ],
    "clipbounds": true,
    "containerweight": 100,
    "enablescrolling": true,
    "id": "flxABO",
    "info": null,
    "isvisible": true,
    "kuid": "a9e38c4b682a4b0292e219cd9fd64b6d",
    "layouttype": 3,
    "name": "kony.ui.FlexContainer",
    "parent": "flxInnerGrps",
    "pf": "frmGroups",
    "snapgridsize": 10,
    "snaptogrid": true,
    "wType": "FlexContainer",
    "widgetalignment": 1,
    "zindex": 1
}