{
    "DNDConfig": null,
    "__parentReadjusting__": false,
    "_height_": {
        "type": "string",
        "value": "220dp"
    },
    "_left_": {
        "type": "string",
        "value": "37dp"
    },
    "_margin_": [
        0,
        0,
        0,
        0
    ],
    "_orientation_": 6,
    "_padding_": [
        0,
        0,
        0,
        0
    ],
    "_percent_": true,
    "_skin_": "s584afa6d3664006abece3b3c2df6556",
    "_top_": {
        "type": "string",
        "value": "220dp"
    },
    "_width_": {
        "type": "string",
        "value": "81.48%"
    },
    "allboxes": [],
    "canUpdateUI": true,
    "centerx": {
        "type": "string",
        "value": "50%"
    },
    "centery": {
        "type": "string",
        "value": "50%"
    },
    "children": [
        "txtName",
        "btnSubmit"
    ],
    "clipbounds": true,
    "containerweight": 100,
    "enablescrolling": true,
    "id": "flxCreateGroup",
    "info": null,
    "isvisible": false,
    "kuid": "f0050fd63a874cd09429204bb413a6da",
    "layouttype": 2,
    "name": "kony.ui.FlexContainer",
    "parent": "frmGroups",
    "pf": "frmGroups",
    "snapgridsize": 10,
    "snaptogrid": true,
    "wType": "FlexContainer",
    "widgetalignment": 1,
    "zindex": 1
}