{
    "DNDConfig": null,
    "__markedForDelete__": true,
    "__parentReadjusting__": false,
    "_height_": {
        "type": "string",
        "value": "15%"
    },
    "_left_": {
        "type": "string",
        "value": "100%"
    },
    "_margin_": [
        0,
        0,
        0,
        0
    ],
    "_orientation_": 6,
    "_padding_": [
        0,
        0,
        0,
        0
    ],
    "_percent_": true,
    "_skin_": "s99c0b2d73494778b2a92d9692e920db",
    "_top_": {
        "type": "string",
        "value": "2%"
    },
    "_width_": {
        "type": "string",
        "value": "98%"
    },
    "allboxes": [],
    "autogrowmode": 0,
    "canUpdateUI": true,
    "children": [
        "btnCust",
        "btnMore2"
    ],
    "clipbounds": true,
    "containerweight": 100,
    "enablescrolling": true,
    "id": "flxCust",
    "info": null,
    "isvisible": true,
    "kuid": "ia57c2555e734a0c9bd452ca0fe427c3",
    "layouttype": 3,
    "name": "kony.ui.FlexContainer",
    "parent": "flxInnerGrps",
    "pf": "frmGroups",
    "snapgridsize": 10,
    "snaptogrid": true,
    "wType": "FlexContainer",
    "widgetalignment": 1,
    "zindex": 1
}