{
    "DNDConfig": null,
    "__markedForDelete__": true,
    "__parentReadjusting__": false,
    "_height_": {
        "type": "string",
        "value": "15%"
    },
    "_left_": {
        "type": "string",
        "value": "100%"
    },
    "_margin_": [
        0,
        0,
        0,
        0
    ],
    "_orientation_": 6,
    "_padding_": [
        0,
        0,
        0,
        0
    ],
    "_percent_": true,
    "_skin_": "s95a5458d7724c98aea0738608cabfe3",
    "_top_": {
        "type": "string",
        "value": "2%"
    },
    "_width_": {
        "type": "string",
        "value": "98%"
    },
    "allboxes": [],
    "autogrowmode": 0,
    "canUpdateUI": true,
    "children": [
        "btn2",
        "btnMore6"
    ],
    "clipbounds": true,
    "containerweight": 100,
    "enablescrolling": true,
    "id": "flxcust2",
    "info": null,
    "isvisible": false,
    "kuid": "d0379e5ebfe44a9fbe248fa2228fde69",
    "layouttype": 3,
    "name": "kony.ui.FlexContainer",
    "parent": "flxInnerGrps",
    "pf": "frmGroups",
    "snapgridsize": 10,
    "snaptogrid": true,
    "wType": "FlexContainer",
    "widgetalignment": 1,
    "zindex": 1
}