{
    "DNDConfig": null,
    "__parentReadjusting__": false,
    "_height_": {
        "type": "string",
        "value": "0.60%"
    },
    "_left_": {
        "type": "string",
        "value": "49%"
    },
    "_margin_": [
        0,
        0,
        0,
        0
    ],
    "_orientation_": 6,
    "_padding_": [
        0,
        0,
        0,
        0
    ],
    "_percent_": true,
    "_skin_": "s369f92ecfa04681a147293d197197eb",
    "_top_": {
        "type": "string",
        "value": "18.30%"
    },
    "_width_": {
        "type": "string",
        "value": "52%"
    },
    "allboxes": [],
    "autogrowmode": 0,
    "canUpdateUI": true,
    "children": [],
    "clipbounds": true,
    "containerweight": 100,
    "enablescrolling": true,
    "id": "flxHighlight1",
    "info": null,
    "isvisible": true,
    "kuid": "gffb92605bf64fdc8184680b07d79ba9",
    "layouttype": 2,
    "name": "kony.ui.FlexContainer",
    "parent": "frmGroups",
    "pf": "frmGroups",
    "snapgridsize": 10,
    "snaptogrid": true,
    "wType": "FlexContainer",
    "widgetalignment": 1,
    "zindex": 1
}