{
    "DNDConfig": null,
    "__parentReadjusting__": false,
    "_height_": {
        "type": "string",
        "value": "85%"
    },
    "_left_": {
        "type": "string",
        "value": "0dp"
    },
    "_margin_": [
        0,
        0,
        0,
        0
    ],
    "_orientation_": 6,
    "_padding_": [
        0,
        0,
        0,
        0
    ],
    "_percent_": true,
    "_skin_": "s78db631db3b4adeb108eae31bbbe49b",
    "_top_": {
        "type": "string",
        "value": "0%"
    },
    "_width_": {
        "type": "string",
        "value": "100%"
    },
    "allboxes": [],
    "autogrowmode": 0,
    "canUpdateUI": true,
    "children": [
        "flxPros",
        "flxCust",
        "flxreg",
        "flxABO",
        "flxcust1",
        "flxcust2",
        "flxcust3",
        "flxcust4"
    ],
    "clipbounds": true,
    "containerweight": 100,
    "enablescrolling": true,
    "id": "flxInnerGrps",
    "info": null,
    "isvisible": true,
    "kuid": "fc2348b5788c4a51b4a0218824ade4bd",
    "layouttype": 4,
    "name": "kony.ui.FlexContainer",
    "parent": "flxScroller",
    "pf": "frmGroups",
    "snapgridsize": 10,
    "snaptogrid": true,
    "wType": "FlexContainer",
    "widgetalignment": 1,
    "zindex": 1
}