{
    "DNDConfig": null,
    "__markedForDelete__": true,
    "__parentReadjusting__": false,
    "_height_": {
        "type": "string",
        "value": "15%"
    },
    "_left_": {
        "type": "string",
        "value": "-100%"
    },
    "_margin_": [
        0,
        0,
        0,
        0
    ],
    "_orientation_": 6,
    "_padding_": [
        0,
        0,
        0,
        0
    ],
    "_percent_": true,
    "_skin_": "s3a496f7b5384d3dbff8d805a203facc",
    "_top_": {
        "type": "string",
        "value": "2%"
    },
    "_width_": {
        "type": "string",
        "value": "98%"
    },
    "allboxes": [],
    "autogrowmode": 0,
    "canUpdateUI": true,
    "children": [
        "btnReg",
        "btnMore3"
    ],
    "clipbounds": true,
    "containerweight": 100,
    "enablescrolling": true,
    "id": "flxreg",
    "info": null,
    "isvisible": true,
    "kuid": "c19fc7e6f4c4446093a2091e11cb47d7",
    "layouttype": 3,
    "name": "kony.ui.FlexContainer",
    "parent": "flxInnerGrps",
    "pf": "frmGroups",
    "snapgridsize": 10,
    "snaptogrid": true,
    "wType": "FlexContainer",
    "widgetalignment": 1,
    "zindex": 1
}