{
    "DNDConfig": null,
    "__parentReadjusting__": false,
    "_height_": {
        "type": "string",
        "value": "397dp"
    },
    "_left_": "0dp",
    "_margin_": [
        0,
        0,
        0,
        0
    ],
    "_orientation_": 6,
    "_padding_": [
        0,
        0,
        0,
        0
    ],
    "_percent_": true,
    "_skin_": "sa2dbf4e28134329b9cc14875e490019",
    "_top_": {
        "type": "string",
        "value": "19.50%"
    },
    "_width_": {
        "type": "string",
        "value": "100%"
    },
    "allboxes": [],
    "allowhorizontalbounce": false,
    "allowverticalbounce": true,
    "bounces": false,
    "canUpdateUI": true,
    "children": [
        "flxInnerGrps"
    ],
    "clipbounds": true,
    "containerweight": 100,
    "decelerat": false,
    "dragg": false,
    "enablescrolling": true,
    "horizontalscrollindicator": true,
    "id": "flxScroller",
    "info": null,
    "isvisible": true,
    "kuid": "d3dfbab551c1498982a4e60745b05bcc",
    "layouttype": 2,
    "name": "kony.ui.FlexScrollContainer",
    "pagingenabled": false,
    "parent": "frmGroups",
    "pf": "frmGroups",
    "scrolldirection": 2,
    "snapgridsize": 10,
    "snaptogrid": true,
    "track": false,
    "verticalscrollindicator": true,
    "wType": "FlexScrollContainer",
    "widgetalignment": 1,
    "zindex": 1
}