{
    "@class": "com.kony.gen.viz.model.container.KVizScrollFlexForm",
    "DNDConfig": null,
    "_margin_": [
        0,
        0,
        0,
        0
    ],
    "_orientation_": 1,
    "_padding_": [
        0,
        0,
        0,
        0
    ],
    "_percent_": true,
    "_skin_": "s68fb5aa818d43d69a03e7892af1dd33",
    "_title_": null,
    "addWidgetsdone": false,
    "allboxes": [],
    "android": {
        "psp": {
            "windowSoftInputMode": 2
        }
    },
    "canUpdateUI": true,
    "children": [
        "flxHeader",
        "flx",
        "flxScroller",
        "flxSeperator",
        "flxHighlight1",
        "imgCreateCustom",
        "flxCreateGroup"
    ],
    "containerweight": 100,
    "currentLocale": "default",
    "desktopweb": {
        "needAppMenu": false
    },
    "device": "GalaxyS5",
    "displayorientation": 1,
    "enabledforidletimeout": false,
    "id": "frmGroups",
    "ide_init": "AS_Form_b68bd7768f874a96b4c5937cb01763b5",
    "ide_postShow": "AS_Form_i84459361419498e81f25186a0d12993",
    "info": null,
    "initdone": false,
    "inputaccessoryviewtype": 4,
    "ipad": {
        "psp": {
            "inputAccessoryViewType": 4
        }
    },
    "iphone": {
        "psp": {
            "inputAccessoryViewType": 4,
            "titleBarConfig": {
                "buttonClosureLeftSideView": "",
                "buttonClosureRightSideView": "",
                "buttonText": "Edit",
                "leftButtonText": "Back",
                "leftTitle": "Back",
                "prevFormTitle": false,
                "renderTitleText": true,
                "rightTitle": "Edit",
                "titleBarLeftSideView": "button",
                "titleBarRightSideView": "button",
                "titleClosureLeftSideView": "",
                "titleClosureRightSideView": "",
                "visible": true
            }
        },
        "titleBar": true
    },
    "isvisible": true,
    "kuid": "g0de868a6a4642bda95f74378a251c8d",
    "layouttype": 2,
    "name": "kony.ui.Form2",
    "needappmenu": true,
    "paddinginpixel": false,
    "platform": "android",
    "prevDevice": "iPhone6",
    "prevPlatform": "iphone",
    "retainscrollposition": false,
    "shellCSS": "and_GalaxyS5",
    "snapgridsize": 10,
    "snaptogrid": true,
    "titleBarSkin": "sc93f13c29054dd1b3d44dfb33e0ec0d",
    "titlebar": true,
    "type": 3,
    "wType": "Form"
}