{
    "@class": "com.kony.gen.viz.model.component.KVizImage2",
    "DNDConfig": null,
    "__parentReadjusting__": false,
    "_base64_": null,
    "_height_": {
        "type": "string",
        "value": "57dp"
    },
    "_left_": {
        "type": "string",
        "value": "78.67%"
    },
    "_margin_": [
        0,
        0,
        0,
        0
    ],
    "_padding_": [
        0,
        0,
        0,
        0
    ],
    "_skin_": "s680c881c85e4b9e8bac7f8b172b4d04",
    "_src_": "group.png",
    "_top_": {
        "type": "string",
        "value": "88.04%"
    },
    "_width_": {
        "type": "string",
        "value": "63dp"
    },
    "canUpdateUI": true,
    "containerweight": 100,
    "context": {
        "channel": "mobile",
        "formID": "frmGroups",
        "platform": "android",
        "templateType": "forms",
        "topLevelBox": null
    },
    "id": "imgCreateCustom",
    "imagescalemode": 1,
    "info": null,
    "invokedProperty": "src",
    "isvisible": true,
    "kuid": "ab1f22d5b54a4555a8387a0f1f935e0d",
    "name": "kony.ui.Image2",
    "parent": "frmGroups",
    "pf": "frmGroups",
    "srcType": 1,
    "wType": "Image",
    "widgetalignment": 5,
    "zindex": 1
}