{
    "@class": "com.kony.gen.viz.model.component.KVizUserWidget",
    "DNDConfig": null,
    "__parentReadjusting__": false,
    "_children_": [],
    "_height_": "100%",
    "_left_": "0dp",
    "_margin_": [
        0,
        0,
        0,
        0
    ],
    "_orientation_": 1,
    "_padding_": [
        0,
        0,
        0,
        0
    ],
    "_percent_": true,
    "_render_": true,
    "_skin_": "sd20cb51ec1544dd8890064aba2fd9cb",
    "_top_": "0dp",
    "_width_": "100%",
    "areflexpropsreferenced": false,
    "canUpdateUI": true,
    "clipbounds": true,
    "containerweight": 0,
    "dataDiffs": {
        "Image0hed6bdf347444d": {
            "__events__": {},
            "__info__": {
                "kuid": "h17060c444a048cba0097319b8ee24ad",
                "srcKUID": "jf82076e9492481f909d79e54b57568a",
                "wType": "Image"
            }
        },
        "flxHeader": {
            "__events__": {},
            "__info__": {
                "kuid": "a91a129a4a164e64a73d7481bb3bca11",
                "srcKUID": "j7616139637f4cbfbab76eebfaadcd3a",
                "wType": "FlexContainer"
            },
            "autogrowMode": 0,
            "height": {
                "type": "string",
                "value": "100%"
            }
        },
        "imgLogo": {
            "__events__": {},
            "__info__": {
                "kuid": "eae237d5b0d6492fbc90ea8d64ff50e8",
                "srcKUID": "g937e23a3dfd4f9bb05efd8308a93a22",
                "wType": "Image"
            }
        },
        "logo": {
            "__events__": {},
            "__info__": {
                "isRoot": true,
                "kuid": "c41ab857348e49298dcb61566fb74140",
                "srcKUID": "if18dc50222b4278b01838634c3ea6fc",
                "wType": "FlexContainer"
            }
        }
    },
    "id": "logo",
    "info": null,
    "isdatareferenced": false,
    "isvisible": true,
    "kuid": "b581ede8124741f4b1bd57fa9c0bc6bd",
    "layouttype": 2,
    "masterType": 0,
    "name": "kony.ui.UserWidgetInstance",
    "parent": "flxHeader",
    "pf": "frmGroups",
    "snaptogrid": true,
    "sourceUserWidget": "if18dc50222b4278b01838634c3ea6fc",
    "wType": "UserWidgetInstance"
}