{
    "@class": "com.kony.gen.viz.model.component.KVizTextBox2",
    "DNDConfig": null,
    "__parentReadjusting__": false,
    "_height_": {
        "type": "string",
        "value": "40dp"
    },
    "_left_": {
        "type": "string",
        "value": "20dp"
    },
    "_margin_": [
        0,
        0,
        0,
        0
    ],
    "_padding_": [
        3,
        0,
        0,
        0
    ],
    "_placeholder_": "Enter Group Name",
    "_skin_": "se2f1a9ce10748ad873466843034df13",
    "_text_": "",
    "_top_": {
        "type": "string",
        "value": "80dp"
    },
    "_width_": {
        "type": "string",
        "value": "260dp"
    },
    "autocapitalize": "none",
    "autocomplete": false,
    "autocorrect": false,
    "autofilter": false,
    "canUpdateUI": true,
    "centerx": {
        "type": "string",
        "value": "50%"
    },
    "centery": {
        "type": "string",
        "value": "50%"
    },
    "containerheight": "",
    "containerheightmode": 1,
    "containerweight": 100,
    "contentalignment": 4,
    "id": "txtName",
    "info": null,
    "isvisible": true,
    "keyboardtype": "A",
    "kuid": "de34d8d46d8b4c9a9fa3a8396344abcb",
    "mode": "A",
    "name": "kony.ui.TextBox2",
    "parent": "flxCreateGroup",
    "pf": "frmGroups",
    "placeholderskin": "s57faea87f9f40e3bc796d8c6ad2932f",
    "securetextentry": false,
    "textinputmode": "A",
    "viewtype": "default",
    "wType": "TextField",
    "zindex": 1
}