{
    "@class": "com.kony.gen.viz.model.component.KVizButton",
    "DNDConfig": null,
    "__parentReadjusting__": false,
    "_height_": {
        "type": "string",
        "value": "100%"
    },
    "_left_": {
        "type": "string",
        "value": "0.03%"
    },
    "_margin_": [
        6,
        6,
        6,
        6
    ],
    "_padding_": [
        0,
        0,
        0,
        0
    ],
    "_skin_": "s6c382c6bcff4c19939af987b245007a",
    "_text_": "Contacts",
    "_top_": {
        "type": "string",
        "value": "0.30%"
    },
    "_width_": {
        "type": "string",
        "value": "48%"
    },
    "canUpdateUI": true,
    "containerweight": 100,
    "contentalignment": 5,
    "disabledSkins": {
        "focusSkin": "s83deaef7e7c4a749fdcc34ebd3fcc1f"
    },
    "displaytext": true,
    "id": "btnContacts",
    "info": null,
    "isvisible": true,
    "kuid": "c750def6923d4c4f9e662530aba3ac72",
    "name": "kony.ui.Button",
    "parent": "flx",
    "pf": "frmDyn",
    "wType": "Button",
    "zindex": 1
}