{
    "@class": "com.kony.gen.viz.model.component.KVizButton",
    "DNDConfig": null,
    "__parentReadjusting__": false,
    "_height_": {
        "type": "string",
        "value": "99%"
    },
    "_left_": {
        "type": "string",
        "value": "48.70%"
    },
    "_margin_": [
        6,
        6,
        6,
        6
    ],
    "_padding_": [
        0,
        0,
        0,
        0
    ],
    "_skin_": "sa9739b481c5415dbf12ad0405a7baba",
    "_text_": "Groups",
    "_top_": {
        "type": "string",
        "value": "0%"
    },
    "_width_": {
        "type": "string",
        "value": "52%"
    },
    "canUpdateUI": true,
    "containerweight": 100,
    "contentalignment": 5,
    "disabledSkins": {
        "focusSkin": "s83deaef7e7c4a749fdcc34ebd3fcc1f"
    },
    "displaytext": true,
    "id": "btnGroups",
    "info": null,
    "isvisible": true,
    "kuid": "h8e49654f43842cf876b82c6be50ee5e",
    "name": "kony.ui.Button",
    "parent": "flx",
    "pf": "frmDyn",
    "wType": "Button",
    "zindex": 1
}