{
    "@class": "com.kony.gen.viz.model.component.KVizLabel",
    "DNDConfig": null,
    "__parentReadjusting__": false,
    "_height_": {
        "type": "ref",
        "value": "preferred"
    },
    "_left_": {
        "type": "string",
        "value": "93dp"
    },
    "_margin_": [
        1,
        1,
        1,
        1
    ],
    "_padding_": [
        0,
        0,
        0,
        0
    ],
    "_skin_": "sac01dc10c1c49e49c8ecde7809d6a09",
    "_text_": "22",
    "_top_": {
        "type": "string",
        "value": "90dp"
    },
    "_width_": {
        "type": "ref",
        "value": "preferred"
    },
    "_wrapping_": 2,
    "android": {
        "textStyle": {
            "letterSpacing": 0,
            "strikeThrough": false
        }
    },
    "canUpdateUI": true,
    "containerweight": 100,
    "contentalignment": 4,
    "id": "CopyLabel0h5a7ed6ab01341",
    "info": null,
    "ipad": {
        "psp": {
            "wrapping": 2
        }
    },
    "iphone": {
        "psp": {
            "wrapping": 2
        }
    },
    "isvisible": true,
    "kuid": "efb64c69285e497fa9c6a7763b92087d",
    "name": "kony.ui.Label",
    "parent": "CopyflxBucketProspect0bc4c4a78143f42",
    "pf": "frmDyn",
    "tooltip": "",
    "wType": "Label",
    "zindex": 2
}