{
    "DNDConfig": null,
    "__parentReadjusting__": false,
    "_height_": {
        "type": "string",
        "value": "290dp"
    },
    "_left_": {
        "type": "string",
        "value": "16dp"
    },
    "_margin_": [
        0,
        0,
        0,
        0
    ],
    "_orientation_": 6,
    "_padding_": [
        0,
        0,
        0,
        0
    ],
    "_percent_": true,
    "_skin_": "sc2cb0bc7c9c4133849a2028d09a75a2",
    "_top_": {
        "type": "string",
        "value": "40dp"
    },
    "_width_": {
        "type": "string",
        "value": "290dp"
    },
    "allboxes": [],
    "autogrowmode": 0,
    "canUpdateUI": true,
    "centerx": {
        "type": "string",
        "value": "0%"
    },
    "centery": {
        "type": "string",
        "value": "100%"
    },
    "children": [
        "imgRegisteredCustomer",
        "CopyLabel0j97fad3d02f648",
        "CopyLabel0dc9ac6e327e049"
    ],
    "clipbounds": true,
    "containerweight": 100,
    "enablescrolling": true,
    "id": "CopyflxBucketProspect0f2f6d40304a94f",
    "info": null,
    "isvisible": true,
    "kuid": "h7fdcd5e88264431950efcf3aeac4db5",
    "layouttype": 2,
    "name": "kony.ui.FlexContainer",
    "parent": "flxBuckets",
    "pf": "frmDyn",
    "snapgridsize": 10,
    "snaptogrid": true,
    "wType": "FlexContainer",
    "widgetalignment": 1,
    "zindex": 1
}