{
    "@class": "com.kony.gen.viz.model.component.KVizLabel",
    "DNDConfig": null,
    "__parentReadjusting__": false,
    "_height_": {
        "type": "ref",
        "value": "preferred"
    },
    "_left_": {
        "type": "string",
        "value": "52dp"
    },
    "_margin_": [
        1,
        1,
        1,
        1
    ],
    "_padding_": [
        0,
        0,
        0,
        0
    ],
    "_skin_": "sb96b88f9f014d34976d49563ab54c52",
    "_text_": "Customer",
    "_top_": {
        "type": "string",
        "value": "221dp"
    },
    "_width_": {
        "type": "ref",
        "value": "preferred"
    },
    "_wrapping_": 2,
    "android": {
        "textStyle": {
            "letterSpacing": 0,
            "strikeThrough": false
        }
    },
    "canUpdateUI": true,
    "containerweight": 100,
    "contentalignment": 4,
    "id": "CopyLabel0b7eb7a6af8b444",
    "info": null,
    "ipad": {
        "psp": {
            "wrapping": 2
        }
    },
    "iphone": {
        "psp": {
            "wrapping": 2
        }
    },
    "isvisible": true,
    "kuid": "d11086e0727247cdb0010d3f6defae45",
    "name": "kony.ui.Label",
    "parent": "CopyflxBucketProspect0f5102205494548",
    "pf": "frmDyn",
    "tooltip": "",
    "wType": "Label",
    "zindex": 2
}