{
    "DNDConfig": null,
    "__parentReadjusting__": false,
    "_height_": {
        "type": "string",
        "value": "6%"
    },
    "_left_": {
        "type": "string",
        "value": "-0.03%"
    },
    "_margin_": [
        0,
        0,
        0,
        0
    ],
    "_orientation_": 6,
    "_padding_": [
        0,
        0,
        0,
        0
    ],
    "_percent_": true,
    "_skin_": "s46d7db055f14ea8956fdae56bf6ff1d",
    "_top_": {
        "type": "string",
        "value": "12.48%"
    },
    "_width_": {
        "type": "string",
        "value": "100%"
    },
    "allboxes": [],
    "autogrowmode": 0,
    "canUpdateUI": true,
    "children": [
        "btnContacts",
        "btnGroups"
    ],
    "clipbounds": true,
    "containerweight": 100,
    "enablescrolling": true,
    "id": "flx",
    "info": null,
    "isvisible": true,
    "kuid": "g2a13b0c3c344845ad20097f6348a125",
    "layouttype": 2,
    "name": "kony.ui.FlexContainer",
    "parent": "flexParent",
    "pf": "frmDyn",
    "snapgridsize": 10,
    "snaptogrid": true,
    "wType": "FlexContainer",
    "widgetalignment": 1,
    "zindex": 1
}