{
    "DNDConfig": null,
    "__parentReadjusting__": false,
    "_height_": {
        "type": "string",
        "value": "76%"
    },
    "_left_": {
        "type": "string",
        "value": "0dp"
    },
    "_margin_": [
        0,
        0,
        0,
        0
    ],
    "_orientation_": 6,
    "_padding_": [
        0,
        0,
        0,
        0
    ],
    "_percent_": true,
    "_skin_": "s43e75f4933f48dd9e38de2d1674463c",
    "_top_": {
        "type": "string",
        "value": "19.40%"
    },
    "_width_": {
        "type": "string",
        "value": "100%"
    },
    "allboxes": [],
    "allowhorizontalbounce": false,
    "allowverticalbounce": true,
    "bounces": true,
    "canUpdateUI": true,
    "children": [],
    "clipbounds": true,
    "containerweight": 100,
    "decelerat": false,
    "dragg": false,
    "enablescrolling": true,
    "horizontalscrollindicator": true,
    "id": "flxAdd",
    "info": null,
    "isvisible": true,
    "kuid": "eedb128f5625461fba5786a03b845a62",
    "layouttype": 4,
    "name": "kony.ui.FlexScrollContainer",
    "pagingenabled": false,
    "parent": "flexParent",
    "pf": "frmDyn",
    "scrolldirection": 2,
    "snapgridsize": 10,
    "snaptogrid": true,
    "track": false,
    "verticalscrollindicator": true,
    "wType": "FlexScrollContainer",
    "widgetalignment": 1,
    "zindex": 1
}