{
    "DNDConfig": null,
    "__parentReadjusting__": false,
    "_height_": {
        "type": "string",
        "value": "100%"
    },
    "_left_": "3dp",
    "_margin_": [
        0,
        0,
        0,
        0
    ],
    "_orientation_": 6,
    "_padding_": [
        0,
        0,
        0,
        0
    ],
    "_percent_": true,
    "_skin_": "s596a91d473647e8ab291cb461b6d498",
    "_top_": "-3dp",
    "_width_": {
        "type": "string",
        "value": "100%"
    },
    "allboxes": [],
    "autogrowmode": 0,
    "canUpdateUI": true,
    "children": [
        "flxBucketProspect",
        "CopyflxBucketProspect0f5102205494548",
        "CopyflxBucketProspect0f2f6d40304a94f",
        "CopyflxBucketProspect0bc4c4a78143f42"
    ],
    "clipbounds": true,
    "containerweight": 100,
    "enablescrolling": true,
    "id": "flxBuckets",
    "info": null,
    "isvisible": false,
    "kuid": "hb1043afbc074babb8417d583d7c8e39",
    "layouttype": 2,
    "name": "kony.ui.FlexContainer",
    "parent": "frmDyn",
    "pf": "frmDyn",
    "snapgridsize": 10,
    "snaptogrid": true,
    "wType": "FlexContainer",
    "widgetalignment": 1,
    "zindex": 100
}