{
    "DNDConfig": null,
    "__parentReadjusting__": false,
    "_height_": {
        "type": "string",
        "value": "0.60%"
    },
    "_left_": {
        "type": "string",
        "value": "0%"
    },
    "_margin_": [
        0,
        0,
        0,
        0
    ],
    "_orientation_": 6,
    "_padding_": [
        0,
        0,
        0,
        0
    ],
    "_percent_": true,
    "_skin_": "s6f93cb290524e23ab7da6abf74c7f20",
    "_top_": {
        "type": "string",
        "value": "18.30%"
    },
    "_width_": {
        "type": "string",
        "value": "48%"
    },
    "allboxes": [],
    "autogrowmode": 0,
    "canUpdateUI": true,
    "children": [],
    "clipbounds": true,
    "containerweight": 100,
    "enablescrolling": true,
    "id": "flxHighlight1",
    "info": null,
    "isvisible": true,
    "kuid": "a885b173eab147ae93f53d43a30e4862",
    "layouttype": 2,
    "name": "kony.ui.FlexContainer",
    "parent": "flexParent",
    "pf": "frmDyn",
    "snapgridsize": 10,
    "snaptogrid": true,
    "wType": "FlexContainer",
    "widgetalignment": 1,
    "zindex": 1
}