{
    "@class": "com.kony.gen.viz.model.container.KVizScrollFlexForm",
    "DNDConfig": null,
    "_margin_": [
        0,
        0,
        0,
        0
    ],
    "_orientation_": 1,
    "_padding_": [
        0,
        0,
        0,
        0
    ],
    "_percent_": true,
    "_skin_": "s3f2a81604b040fab3c9f5ec79ccdd85",
    "_title_": null,
    "addWidgetsdone": false,
    "allboxes": [],
    "android": {
        "psp": {
            "windowSoftInputMode": 2
        }
    },
    "canUpdateUI": true,
    "children": [
        "flexParent",
        "flxBuckets",
        "lblNote"
    ],
    "containerweight": 100,
    "currentLocale": "default",
    "desktopweb": {
        "needAppMenu": false
    },
    "device": "GalaxyS5",
    "displayorientation": 1,
    "enabledforidletimeout": false,
    "id": "frmDyn",
    "ide_init": "AS_Form_bdc1409a0859409db5283872b12399f6",
    "info": null,
    "initdone": false,
    "inputaccessoryviewtype": 4,
    "ipad": {
        "psp": {
            "inputAccessoryViewType": 4
        }
    },
    "iphone": {
        "psp": {
            "inputAccessoryViewType": 4,
            "titleBarConfig": {
                "buttonClosureLeftSideView": "",
                "buttonClosureRightSideView": "",
                "buttonText": "Edit",
                "leftButtonText": "Back",
                "leftTitle": "Back",
                "prevFormTitle": false,
                "renderTitleText": true,
                "rightTitle": "Edit",
                "titleBarLeftSideView": "button",
                "titleBarRightSideView": "button",
                "titleClosureLeftSideView": "",
                "titleClosureRightSideView": "",
                "visible": true
            }
        },
        "titleBar": true
    },
    "isvisible": true,
    "kuid": "ca5f1049701a4946a775788ef2508760",
    "layouttype": 2,
    "name": "kony.ui.Form2",
    "needappmenu": true,
    "paddinginpixel": false,
    "platform": "android",
    "prevDevice": "iPhone6",
    "prevPlatform": "iphone",
    "retainscrollposition": false,
    "shellCSS": "and_GalaxyS5",
    "snapgridsize": 10,
    "snaptogrid": true,
    "titleBarSkin": "sb738defb5054f81a9209e74609f96c4",
    "titlebar": true,
    "type": 3,
    "wType": "Form"
}