{
    "@class": "com.kony.gen.viz.model.component.KVizLabel",
    "DNDConfig": null,
    "__markedForDelete__": true,
    "__parentReadjusting__": false,
    "_bottom_": {
        "type": "number",
        "value": "0"
    },
    "_height_": {
        "type": "string",
        "value": "4%"
    },
    "_left_": {
        "type": "string",
        "value": "0dp"
    },
    "_margin_": [
        1,
        1,
        1,
        1
    ],
    "_padding_": [
        0,
        0,
        0,
        0
    ],
    "_skin_": "s7f6e1699a9549bca9b62b77282dec28",
    "_text_": "Note: Long Press any contact to add to a group",
    "_width_": {
        "type": "string",
        "value": "100%"
    },
    "_wrapping_": 2,
    "android": {
        "textStyle": {
            "letterSpacing": 0,
            "strikeThrough": false
        }
    },
    "canUpdateUI": true,
    "containerweight": 100,
    "contentalignment": 5,
    "id": "lblNote",
    "info": null,
    "ipad": {
        "psp": {
            "wrapping": 2
        }
    },
    "iphone": {
        "psp": {
            "wrapping": 2
        }
    },
    "isvisible": true,
    "kuid": "be6ce1fd1dce40b6b5898c189cee57d5",
    "name": "kony.ui.Label",
    "parent": "frmDyn",
    "pf": "frmDyn",
    "tooltip": "",
    "wType": "Label",
    "zindex": 1
}