{
    "@class": "com.kony.gen.viz.model.component.KVizUserWidget",
    "DNDConfig": null,
    "__parentReadjusting__": false,
    "_children_": [],
    "_height_": "100%",
    "_left_": "0dp",
    "_margin_": [
        0,
        0,
        0,
        0
    ],
    "_orientation_": 1,
    "_padding_": [
        0,
        0,
        0,
        0
    ],
    "_percent_": true,
    "_render_": true,
    "_skin_": "sd20cb51ec1544dd8890064aba2fd9cb",
    "_top_": "0dp",
    "_width_": "100%",
    "areflexpropsreferenced": false,
    "canUpdateUI": true,
    "clipbounds": true,
    "containerweight": 0,
    "dataDiffs": {
        "Image0hed6bdf347444d": {
            "__events__": {},
            "__info__": {
                "kuid": "f9cb8fe7e2db4dce806ac449ef05f7ee",
                "srcKUID": "jf82076e9492481f909d79e54b57568a",
                "wType": "Image"
            }
        },
        "flxHeader": {
            "__events__": {},
            "__info__": {
                "kuid": "hcc47e8fd9df414c82170821a9cc586f",
                "srcKUID": "j7616139637f4cbfbab76eebfaadcd3a",
                "wType": "FlexContainer"
            },
            "autogrowMode": 0,
            "height": {
                "type": "string",
                "value": "100%"
            }
        },
        "imgLogo": {
            "__events__": {},
            "__info__": {
                "kuid": "i170379c6b784a08a1eda611ae8d9c4a",
                "srcKUID": "g937e23a3dfd4f9bb05efd8308a93a22",
                "wType": "Image"
            }
        },
        "logo": {
            "__events__": {},
            "__info__": {
                "isRoot": true,
                "kuid": "e10b174184294ef6b2fa207a48eb4926",
                "srcKUID": "if18dc50222b4278b01838634c3ea6fc",
                "wType": "FlexContainer"
            }
        }
    },
    "id": "logo",
    "info": null,
    "isdatareferenced": false,
    "isvisible": true,
    "kuid": "e10b174184294ef6b2fa207a48eb4926",
    "layouttype": 2,
    "masterType": 0,
    "name": "kony.ui.UserWidgetInstance",
    "parent": "flxHeader",
    "pf": "frmDyn",
    "snaptogrid": true,
    "sourceUserWidget": "if18dc50222b4278b01838634c3ea6fc",
    "wType": "UserWidgetInstance"
}