{
    "AS_Form_bdc1409a0859409db5283872b12399f6": {
        "id": "AS_Form_bdc1409a0859409db5283872b12399f6",
        "type": "ACTION_SEQUENCE",
        "params": [{
            "datatype": "collection",
            "name": "eventobject"
        }],
        "contextObj": {
            "name": "frmDyn",
            "type": "forms",
            "platform": null,
            "KUID": "ca5f1049701a4946a775788ef2508760"
        },
        "language": "js",
        "actions": [{
            "id": "INVOKE_FUNCTION___j8d7336775c14b85933d9a3fb76412e1",
            "type": "INVOKE_FUNCTION",
            "sequenceKUID": "form_Int",
            "display": "form_Int",
            "inputparams": [],
            "parentId": null,
            "callbackType": null,
            "disabled": null,
            "source": "module"
        }]
    }
}