{
    "AS_Form_a8f2eee4342b43aa86bb123b3d480ec9": {
        "id": "AS_Form_a8f2eee4342b43aa86bb123b3d480ec9",
        "type": "ACTION_SEQUENCE",
        "params": [{
            "datatype": "collection",
            "name": "eventobject"
        }],
        "contextObj": {
            "name": "frmStart",
            "type": "forms",
            "platform": null,
            "KUID": "b438897a464947e7827d61a13439ddca"
        },
        "language": "js",
        "actions": [{
            "id": "INVOKE_FUNCTION___af67ce1b060240f297865e96d4585856",
            "type": "INVOKE_FUNCTION",
            "sequenceKUID": "form_IntStart",
            "display": "form_IntStart",
            "inputparams": [],
            "parentId": null,
            "callbackType": null,
            "disabled": null,
            "source": "module"
        }]
    }
}