{
    "AS_FlexContainer_b586ec0339f541eb8f324eb1485bbcc2": {
        "id": "AS_FlexContainer_b586ec0339f541eb8f324eb1485bbcc2",
        "type": "ACTION_SEQUENCE",
        "params": [{
            "datatype": "collection",
            "name": "eventobject"
        }, {
            "datatype": "string",
            "name": "x"
        }, {
            "datatype": "string",
            "name": "y"
        }],
        "contextObj": {
            "name": "frmHome",
            "type": "forms",
            "platform": null,
            "KUID": "ga3e4ba724304032a00d2a3aa332965b"
        },
        "language": "js",
        "actions": [{
            "id": "SCALE_ACTION____cc540b9bd019430cbafe8ab48d071fbf",
            "type": "SCALE_ACTION",
            "itemType": "FORM",
            "itemKUID": "ga3e4ba724304032a00d2a3aa332965b",
            "widgetKUID": "d2155dd120204b9897974c46239eb4b0",
            "wType": "FlexContainer",
            "animationObject": {
                "anchorPoint": {
                    "x": "50",
                    "y": "50"
                },
                "stepConfig": {
                    "timingFunction": "kony.anim.EASE"
                },
                "width": "70%",
                "rectified": true,
                "height": "70%"
            },
            "config": {
                "delay": "0",
                "iterationCount": 1,
                "fillMode": "kony.anim.FILL_MODE_FORWARDS",
                "duration": "250"
            },
            "start": "Immediately",
            "animationId": "SCALE_ACTION____cc540b9bd019430cbafe8ab48d071fbf",
            "displayAnimationId": "SCALE_ACTION____cc540b9bd019430cbafe8ab48d071fbf",
            "forkedPlatform": "all",
            "parentId": null,
            "callbackType": null
        }]
    }
}