{
    "AS_Form_ba9afd4cb19849b0bde1211ca0dd96dd": {
        "id": "AS_Form_ba9afd4cb19849b0bde1211ca0dd96dd",
        "type": "ACTION_SEQUENCE",
        "params": [{
            "datatype": "collection",
            "name": "eventobject"
        }],
        "contextObj": {
            "name": "frmEditProf",
            "type": "forms",
            "platform": "",
            "KUID": "jb78fde142944998ae8b729ecbb24613"
        },
        "language": "js",
        "actions": [{
            "id": "INVOKE_FUNCTION___d42ee135d2004474875013be19c0954e",
            "type": "INVOKE_FUNCTION",
            "sequenceKUID": "editProfile_init",
            "display": "editProfile_init",
            "inputparams": [],
            "parentId": null,
            "callbackType": null,
            "disabled": null,
            "source": "module"
        }]
    }
}