{
    "AS_Form_b68bd7768f874a96b4c5937cb01763b5": {
        "id": "AS_Form_b68bd7768f874a96b4c5937cb01763b5",
        "type": "ACTION_SEQUENCE",
        "params": [{
            "datatype": "collection",
            "name": "eventobject"
        }],
        "contextObj": {
            "name": "frmGroups",
            "type": "forms",
            "platform": "",
            "KUID": "g0de868a6a4642bda95f74378a251c8d"
        },
        "language": "js",
        "actions": [{
            "id": "INVOKE_FUNCTION___be763f30f0504a3c8f3e22cbbc8a84d8",
            "type": "INVOKE_FUNCTION",
            "sequenceKUID": "frmGroups_init",
            "display": "frmGroups_init",
            "inputparams": [],
            "parentId": null,
            "callbackType": null,
            "disabled": null,
            "source": "module"
        }]
    }
}