{
    "AS_FlexContainer_b3d65338f6d64b66ab479766ee04c24a": {
        "id": "AS_FlexContainer_b3d65338f6d64b66ab479766ee04c24a",
        "type": "ACTION_SEQUENCE",
        "params": [{
            "datatype": "collection",
            "name": "eventobject"
        }, {
            "datatype": "string",
            "name": "x"
        }, {
            "datatype": "string",
            "name": "y"
        }],
        "contextObj": {
            "name": "frmHome",
            "type": "forms",
            "platform": "",
            "KUID": "ga3e4ba724304032a00d2a3aa332965b"
        },
        "language": "js",
        "actions": [{
            "id": "SCALE_ACTION____ac5e5603d31042fca170d72c179a32cf",
            "type": "SCALE_ACTION",
            "itemType": "FORM",
            "itemKUID": "ga3e4ba724304032a00d2a3aa332965b",
            "widgetKUID": "d2155dd120204b9897974c46239eb4b0",
            "wType": "FlexContainer",
            "animationObject": {
                "anchorPoint": {},
                "stepConfig": {
                    "timingFunction": "kony.anim.EASE"
                },
                "width": "40%",
                "height": "40%",
                "rectified": true
            },
            "config": {
                "delay": "0",
                "iterationCount": 1,
                "fillMode": "kony.anim.FILL_MODE_FORWARDS",
                "duration": "250"
            },
            "start": "Immediately",
            "animationId": "SCALE_ACTION____ac5e5603d31042fca170d72c179a32cf",
            "displayAnimationId": "SCALE_ACTION____ac5e5603d31042fca170d72c179a32cf",
            "forkedPlatform": "all",
            "parentId": null,
            "callbackType": null
        }]
    }
}