{
    "AS_Form_he9cc1789e194c3b82f90fefb54717a2": {
        "id": "AS_Form_he9cc1789e194c3b82f90fefb54717a2",
        "type": "ACTION_SEQUENCE",
        "params": [{
            "datatype": "collection",
            "name": "eventobject"
        }],
        "contextObj": {
            "name": "frmTemp",
            "type": "forms",
            "platform": "",
            "KUID": "a0b1cc38f4d84078881618f31afc76c3"
        },
        "language": "js",
        "actions": [{
            "id": "INVOKE_FUNCTION___afbc070d7b0c4b929db7e9e1fa9719cf",
            "type": "INVOKE_FUNCTION",
            "sequenceKUID": "form_Inttemp",
            "display": "form_Inttemp",
            "inputparams": [],
            "parentId": null,
            "callbackType": null,
            "disabled": null,
            "source": "module"
        }]
    }
}