{
    "AS_FlexContainer_cfed6dbf3d024067815e93a08b212ed4": {
        "id": "AS_FlexContainer_cfed6dbf3d024067815e93a08b212ed4",
        "type": "ACTION_SEQUENCE",
        "params": [{
            "datatype": "collection",
            "name": "eventobject"
        }, {
            "datatype": "string",
            "name": "x"
        }, {
            "datatype": "string",
            "name": "y"
        }],
        "contextObj": {
            "name": "frmHome",
            "type": "forms",
            "platform": null,
            "KUID": "ga3e4ba724304032a00d2a3aa332965b"
        },
        "language": "js",
        "actions": [{
            "id": "SCALE_ACTION____c97eac49d0bd4e2d93f98770e95e36d9",
            "type": "SCALE_ACTION",
            "itemType": "FORM",
            "itemKUID": "ga3e4ba724304032a00d2a3aa332965b",
            "widgetKUID": "f15effeb4dee4b899702d02840d18965",
            "wType": "FlexContainer",
            "animationObject": {
                "anchorPoint": {},
                "stepConfig": {
                    "timingFunction": "kony.anim.EASE"
                },
                "maxHeight": "120%",
                "maxWidth": "120%",
                "rectified": true
            },
            "config": {
                "delay": "0",
                "iterationCount": 1,
                "fillMode": "kony.anim.FILL_MODE_FORWARDS",
                "duration": "250"
            },
            "start": "Immediately",
            "animationId": "SCALE_ACTION____c97eac49d0bd4e2d93f98770e95e36d9",
            "displayAnimationId": "SCALE_ACTION____c97eac49d0bd4e2d93f98770e95e36d9",
            "forkedPlatform": "all",
            "parentId": null,
            "callbackType": null
        }]
    }
}