{
    "AS_FlexContainer_a6416ccda57f4f73b45e203c442c5f66": {
        "id": "AS_FlexContainer_a6416ccda57f4f73b45e203c442c5f66",
        "type": "ACTION_SEQUENCE",
        "params": [{
            "datatype": "collection",
            "name": "eventobject"
        }, {
            "datatype": "string",
            "name": "x"
        }, {
            "datatype": "string",
            "name": "y"
        }],
        "contextObj": {
            "name": "frmDyn",
            "type": "forms",
            "platform": "",
            "KUID": "ca5f1049701a4946a775788ef2508760"
        },
        "language": "js",
        "actions": []
    }
}