{
    "AS_FlexScrollContainer_b95a96d9acd6411a99b32b478b0492f5": {
        "id": "AS_FlexScrollContainer_b95a96d9acd6411a99b32b478b0492f5",
        "type": "ACTION_SEQUENCE",
        "params": [{
            "datatype": "collection",
            "name": "eventobject"
        }, {
            "datatype": "string",
            "name": "x"
        }, {
            "datatype": "string",
            "name": "y"
        }],
        "contextObj": {
            "name": "frmGroups",
            "type": "forms",
            "platform": "",
            "KUID": "g0de868a6a4642bda95f74378a251c8d"
        },
        "language": "js",
        "actions": [{
            "id": "ADD_SNIPPET__i74f5528e0cd4632b0b4b9b97872903d",
            "type": "ADD_SNIPPET",
            "codeSnippet": "frmGroups.flxScroller[\"isVisible\"] = false;",
            "parentId": null,
            "callbackType": null
        }]
    }
}