{
    "AS_Form_d15de87c8c6f42cbb4bed10f9c9e0d35": {
        "id": "AS_Form_d15de87c8c6f42cbb4bed10f9c9e0d35",
        "type": "ACTION_SEQUENCE",
        "params": [{
            "datatype": "collection",
            "name": "eventobject"
        }],
        "contextObj": {
            "name": "frmGroupDetails",
            "type": "forms",
            "platform": null,
            "KUID": "af4a0ccec26c444bbc3d8db377bcbeb2"
        },
        "language": "js",
        "actions": [{
            "id": "INVOKE_FUNCTION___d295586606754bc9bec7a6c77c0e2693",
            "type": "INVOKE_FUNCTION",
            "sequenceKUID": "groupDetails_init",
            "display": "groupDetails_init",
            "inputparams": [],
            "parentId": null,
            "callbackType": null,
            "disabled": null,
            "source": "module"
        }]
    }
}