{
    "AS_Image_f02a5ba3086f40d291a83798041409e1": {
        "id": "AS_Image_f02a5ba3086f40d291a83798041409e1",
        "type": "ACTION_SEQUENCE",
        "params": [{
            "datatype": "collection",
            "name": "eventobject"
        }, {
            "datatype": "string",
            "name": "x"
        }, {
            "datatype": "string",
            "name": "y"
        }],
        "contextObj": {
            "name": "frmHome",
            "type": "forms",
            "platform": null,
            "KUID": "ga3e4ba724304032a00d2a3aa332965b"
        },
        "language": "js",
        "actions": []
    }
}