{
    "AS_Image_i11e3948b51144abb7a34088bd63a235": {
        "id": "AS_Image_i11e3948b51144abb7a34088bd63a235",
        "type": "ACTION_SEQUENCE",
        "params": [{
            "datatype": "collection",
            "name": "eventobject"
        }, {
            "datatype": "string",
            "name": "x"
        }, {
            "datatype": "string",
            "name": "y"
        }],
        "contextObj": {
            "name": "frmHome",
            "type": "forms",
            "platform": null,
            "KUID": "ga3e4ba724304032a00d2a3aa332965b"
        },
        "language": "js",
        "actions": [{
            "id": "SCALE_ACTION____dfd7f3aa037b43ba81322aac372bcfbd",
            "type": "SCALE_ACTION",
            "itemType": "FORM",
            "itemKUID": "ga3e4ba724304032a00d2a3aa332965b",
            "widgetKUID": "fd4921fe8d2948c4893a0a45826cad01",
            "wType": "Image",
            "animationObject": {
                "anchorPoint": {},
                "stepConfig": {
                    "timingFunction": "kony.anim.EASE"
                },
                "maxHeight": "120%",
                "maxWidth": "120%",
                "rectified": true
            },
            "config": {
                "delay": "0",
                "iterationCount": 1,
                "fillMode": "kony.anim.FILL_MODE_FORWARDS",
                "duration": "250"
            },
            "start": "Immediately",
            "animationId": "SCALE_ACTION____dfd7f3aa037b43ba81322aac372bcfbd",
            "displayAnimationId": "SCALE_ACTION____dfd7f3aa037b43ba81322aac372bcfbd",
            "forkedPlatform": "all",
            "parentId": null,
            "callbackType": null
        }]
    }
}