{
    "AS_Popup_i2f6d0bd52914c8697dbc5630ef44816": {
        "id": "AS_Popup_i2f6d0bd52914c8697dbc5630ef44816",
        "type": "ACTION_SEQUENCE",
        "params": [{
            "datatype": "collection",
            "name": "eventobject"
        }],
        "contextObj": {
            "name": "popConfirmDelete",
            "type": "popups",
            "platform": null,
            "KUID": "e24226080f334b70aed84af99c6c78f2"
        },
        "language": "js",
        "actions": [{
            "id": "INVOKE_FUNCTION___f52a9a48e2be471d9474cb0d09100ed7",
            "type": "INVOKE_FUNCTION",
            "sequenceKUID": "popConfirmDelete_init",
            "display": "popConfirmDelete_init",
            "inputparams": [],
            "parentId": null,
            "callbackType": null,
            "disabled": null,
            "source": "module"
        }]
    }
}