{
    "AS_Popup_h65dbd23ca944fd28eba00e549f021ce": {
        "id": "AS_Popup_h65dbd23ca944fd28eba00e549f021ce",
        "type": "ACTION_SEQUENCE",
        "params": [{
            "datatype": "collection",
            "name": "eventobject"
        }],
        "contextObj": {
            "name": "popNoCustomGroups",
            "type": "popups",
            "platform": null,
            "KUID": "ab54cdc7fa404615a21b1a9b74365cc8"
        },
        "language": "js",
        "actions": [{
            "id": "INVOKE_FUNCTION___d43fa3ca798a46aaa650f803039c8b73",
            "type": "INVOKE_FUNCTION",
            "sequenceKUID": "popNo_init",
            "display": "popNo_init",
            "inputparams": [],
            "parentId": null,
            "callbackType": null,
            "disabled": null,
            "source": "module"
        }]
    }
}