{
    "AS_VBox_ed54d7112c934623b361d314ce9a4004": {
        "id": "AS_VBox_ed54d7112c934623b361d314ce9a4004",
        "type": "ACTION_SEQUENCE",
        "params": [{
            "datatype": "collection",
            "name": "eventobject"
        }],
        "contextObj": {
            "name": "popNoCustomGroups",
            "type": "popups",
            "platform": null,
            "KUID": "ab54cdc7fa404615a21b1a9b74365cc8"
        },
        "language": "js",
        "actions": [{
            "id": "INVOKE_FUNCTION___ea1cd465926d4d52bfd28b0087e6f9c2",
            "type": "INVOKE_FUNCTION",
            "sequenceKUID": "popNo_init",
            "display": "popNo_init",
            "inputparams": [],
            "parentId": null,
            "callbackType": null,
            "disabled": null,
            "source": "module"
        }]
    }
}